/home/prombo/car/CarND-Behavioral-Cloning-P3/collected_data/onto_bridge/IMG/center_2018_11_08_00_00_31_478.jpg,/home/prombo/car/CarND-Behavioral-Cloning-P3/collected_data/onto_bridge/IMG/left_2018_11_08_00_00_31_478.jpg,/home/prombo/car/CarND-Behavioral-Cloning-P3/collected_data/onto_bridge/IMG/right_2018_11_08_00_00_31_478.jpg,0,0,0,0.3445988
/home/prombo/car/CarND-Behavioral-Cloning-P3/collected_data/onto_bridge/IMG/center_2018_11_08_00_00_31_575.jpg,/home/prombo/car/CarND-Behavioral-Cloning-P3/collected_data/onto_bridge/IMG/left_2018_11_08_00_00_31_575.jpg,/home/prombo/car/CarND-Behavioral-Cloning-P3/collected_data/onto_bridge/IMG/right_2018_11_08_00_00_31_575.jpg,0,0,0,0.338036
/home/prombo/car/CarND-Behavioral-Cloning-P3/collected_data/onto_bridge/IMG/center_2018_11_08_00_00_31_669.jpg,/home/prombo/car/CarND-Behavioral-Cloning-P3/collected_data/onto_bridge/IMG/left_2018_11_08_00_00_31_669.jpg,/home/prombo/car/CarND-Behavioral-Cloning-P3/collected_data/onto_bridge/IMG/right_2018_11_08_00_00_31_669.jpg,0,0,0,0.331543
/home/prombo/car/CarND-Behavioral-Cloning-P3/collected_data/onto_bridge/IMG/center_2018_11_08_00_00_31_764.jpg,/home/prombo/car/CarND-Behavioral-Cloning-P3/collected_data/onto_bridge/IMG/left_2018_11_08_00_00_31_764.jpg,/home/prombo/car/CarND-Behavioral-Cloning-P3/collected_data/onto_bridge/IMG/right_2018_11_08_00_00_31_764.jpg,0,0,0,0.001559469
/home/prombo/car/CarND-Behavioral-Cloning-P3/collected_data/onto_bridge/IMG/center_2018_11_08_00_00_31_856.jpg,/home/prombo/car/CarND-Behavioral-Cloning-P3/collected_data/onto_bridge/IMG/left_2018_11_08_00_00_31_856.jpg,/home/prombo/car/CarND-Behavioral-Cloning-P3/collected_data/onto_bridge/IMG/right_2018_11_08_00_00_31_856.jpg,0,0,0,0.001185211
/home/prombo/car/CarND-Behavioral-Cloning-P3/collected_data/onto_bridge/IMG/center_2018_11_08_00_00_31_947.jpg,/home/prombo/car/CarND-Behavioral-Cloning-P3/collected_data/onto_bridge/IMG/left_2018_11_08_00_00_31_947.jpg,/home/prombo/car/CarND-Behavioral-Cloning-P3/collected_data/onto_bridge/IMG/right_2018_11_08_00_00_31_947.jpg,0,0,0,0.0005597603
/home/prombo/car/CarND-Behavioral-Cloning-P3/collected_data/onto_bridge/IMG/center_2018_11_08_00_00_32_038.jpg,/home/prombo/car/CarND-Behavioral-Cloning-P3/collected_data/onto_bridge/IMG/left_2018_11_08_00_00_32_038.jpg,/home/prombo/car/CarND-Behavioral-Cloning-P3/collected_data/onto_bridge/IMG/right_2018_11_08_00_00_32_038.jpg,0,0,0,0.0001742829
/home/prombo/car/CarND-Behavioral-Cloning-P3/collected_data/onto_bridge/IMG/center_2018_11_08_00_00_32_138.jpg,/home/prombo/car/CarND-Behavioral-Cloning-P3/collected_data/onto_bridge/IMG/left_2018_11_08_00_00_32_138.jpg,/home/prombo/car/CarND-Behavioral-Cloning-P3/collected_data/onto_bridge/IMG/right_2018_11_08_00_00_32_138.jpg,0,0,0,0.0001618981
/home/prombo/car/CarND-Behavioral-Cloning-P3/collected_data/onto_bridge/IMG/center_2018_11_08_00_00_32_233.jpg,/home/prombo/car/CarND-Behavioral-Cloning-P3/collected_data/onto_bridge/IMG/left_2018_11_08_00_00_32_233.jpg,/home/prombo/car/CarND-Behavioral-Cloning-P3/collected_data/onto_bridge/IMG/right_2018_11_08_00_00_32_233.jpg,0,0,0,0.0001637777
/home/prombo/car/CarND-Behavioral-Cloning-P3/collected_data/onto_bridge/IMG/center_2018_11_08_00_00_32_349.jpg,/home/prombo/car/CarND-Behavioral-Cloning-P3/collected_data/onto_bridge/IMG/left_2018_11_08_00_00_32_349.jpg,/home/prombo/car/CarND-Behavioral-Cloning-P3/collected_data/onto_bridge/IMG/right_2018_11_08_00_00_32_349.jpg,0,0.1421764,0,0.08422564
/home/prombo/car/CarND-Behavioral-Cloning-P3/collected_data/onto_bridge/IMG/center_2018_11_08_00_00_32_443.jpg,/home/prombo/car/CarND-Behavioral-Cloning-P3/collected_data/onto_bridge/IMG/left_2018_11_08_00_00_32_443.jpg,/home/prombo/car/CarND-Behavioral-Cloning-P3/collected_data/onto_bridge/IMG/right_2018_11_08_00_00_32_443.jpg,0,0.4242125,0,0.44618
/home/prombo/car/CarND-Behavioral-Cloning-P3/collected_data/onto_bridge/IMG/center_2018_11_08_00_00_32_538.jpg,/home/prombo/car/CarND-Behavioral-Cloning-P3/collected_data/onto_bridge/IMG/left_2018_11_08_00_00_32_538.jpg,/home/prombo/car/CarND-Behavioral-Cloning-P3/collected_data/onto_bridge/IMG/right_2018_11_08_00_00_32_538.jpg,0.04705882,0.7053752,0,1.223269
/home/prombo/car/CarND-Behavioral-Cloning-P3/collected_data/onto_bridge/IMG/center_2018_11_08_00_00_32_631.jpg,/home/prombo/car/CarND-Behavioral-Cloning-P3/collected_data/onto_bridge/IMG/left_2018_11_08_00_00_32_631.jpg,/home/prombo/car/CarND-Behavioral-Cloning-P3/collected_data/onto_bridge/IMG/right_2018_11_08_00_00_32_631.jpg,0.1411765,0.98751,0,2.078053
/home/prombo/car/CarND-Behavioral-Cloning-P3/collected_data/onto_bridge/IMG/center_2018_11_08_00_00_32_704.jpg,/home/prombo/car/CarND-Behavioral-Cloning-P3/collected_data/onto_bridge/IMG/left_2018_11_08_00_00_32_704.jpg,/home/prombo/car/CarND-Behavioral-Cloning-P3/collected_data/onto_bridge/IMG/right_2018_11_08_00_00_32_704.jpg,0.2352941,1,0,3.273644
/home/prombo/car/CarND-Behavioral-Cloning-P3/collected_data/onto_bridge/IMG/center_2018_11_08_00_00_32_798.jpg,/home/prombo/car/CarND-Behavioral-Cloning-P3/collected_data/onto_bridge/IMG/left_2018_11_08_00_00_32_798.jpg,/home/prombo/car/CarND-Behavioral-Cloning-P3/collected_data/onto_bridge/IMG/right_2018_11_08_00_00_32_798.jpg,0.3235294,0.8620536,0,4.387017
/home/prombo/car/CarND-Behavioral-Cloning-P3/collected_data/onto_bridge/IMG/center_2018_11_08_00_00_32_893.jpg,/home/prombo/car/CarND-Behavioral-Cloning-P3/collected_data/onto_bridge/IMG/left_2018_11_08_00_00_32_893.jpg,/home/prombo/car/CarND-Behavioral-Cloning-P3/collected_data/onto_bridge/IMG/right_2018_11_08_00_00_32_893.jpg,0.3588235,0.5777802,0,5.12914
/home/prombo/car/CarND-Behavioral-Cloning-P3/collected_data/onto_bridge/IMG/center_2018_11_08_00_00_32_990.jpg,/home/prombo/car/CarND-Behavioral-Cloning-P3/collected_data/onto_bridge/IMG/left_2018_11_08_00_00_32_990.jpg,/home/prombo/car/CarND-Behavioral-Cloning-P3/collected_data/onto_bridge/IMG/right_2018_11_08_00_00_32_990.jpg,0.4294118,0.2871339,0,5.507981
/home/prombo/car/CarND-Behavioral-Cloning-P3/collected_data/onto_bridge/IMG/center_2018_11_08_00_00_33_087.jpg,/home/prombo/car/CarND-Behavioral-Cloning-P3/collected_data/onto_bridge/IMG/left_2018_11_08_00_00_33_087.jpg,/home/prombo/car/CarND-Behavioral-Cloning-P3/collected_data/onto_bridge/IMG/right_2018_11_08_00_00_33_087.jpg,0.4823529,0,0,5.547883
/home/prombo/car/CarND-Behavioral-Cloning-P3/collected_data/onto_bridge/IMG/center_2018_11_08_00_00_33_176.jpg,/home/prombo/car/CarND-Behavioral-Cloning-P3/collected_data/onto_bridge/IMG/left_2018_11_08_00_00_33_176.jpg,/home/prombo/car/CarND-Behavioral-Cloning-P3/collected_data/onto_bridge/IMG/right_2018_11_08_00_00_33_176.jpg,0.4941176,0,0,5.498923
/home/prombo/car/CarND-Behavioral-Cloning-P3/collected_data/onto_bridge/IMG/center_2018_11_08_00_00_33_268.jpg,/home/prombo/car/CarND-Behavioral-Cloning-P3/collected_data/onto_bridge/IMG/left_2018_11_08_00_00_33_268.jpg,/home/prombo/car/CarND-Behavioral-Cloning-P3/collected_data/onto_bridge/IMG/right_2018_11_08_00_00_33_268.jpg,0.4941176,0.2734172,0,5.644248
/home/prombo/car/CarND-Behavioral-Cloning-P3/collected_data/onto_bridge/IMG/center_2018_11_08_00_00_33_357.jpg,/home/prombo/car/CarND-Behavioral-Cloning-P3/collected_data/onto_bridge/IMG/left_2018_11_08_00_00_33_357.jpg,/home/prombo/car/CarND-Behavioral-Cloning-P3/collected_data/onto_bridge/IMG/right_2018_11_08_00_00_33_357.jpg,0.4941176,0.542058,0,6.140821
/home/prombo/car/CarND-Behavioral-Cloning-P3/collected_data/onto_bridge/IMG/center_2018_11_08_00_00_33_442.jpg,/home/prombo/car/CarND-Behavioral-Cloning-P3/collected_data/onto_bridge/IMG/left_2018_11_08_00_00_33_442.jpg,/home/prombo/car/CarND-Behavioral-Cloning-P3/collected_data/onto_bridge/IMG/right_2018_11_08_00_00_33_442.jpg,0.4941176,0.7968056,0,6.789757
/home/prombo/car/CarND-Behavioral-Cloning-P3/collected_data/onto_bridge/IMG/center_2018_11_08_00_00_33_527.jpg,/home/prombo/car/CarND-Behavioral-Cloning-P3/collected_data/onto_bridge/IMG/left_2018_11_08_00_00_33_527.jpg,/home/prombo/car/CarND-Behavioral-Cloning-P3/collected_data/onto_bridge/IMG/right_2018_11_08_00_00_33_527.jpg,0.2882353,1,0,7.663437
/home/prombo/car/CarND-Behavioral-Cloning-P3/collected_data/onto_bridge/IMG/center_2018_11_08_00_00_33_618.jpg,/home/prombo/car/CarND-Behavioral-Cloning-P3/collected_data/onto_bridge/IMG/left_2018_11_08_00_00_33_618.jpg,/home/prombo/car/CarND-Behavioral-Cloning-P3/collected_data/onto_bridge/IMG/right_2018_11_08_00_00_33_618.jpg,0.2176471,1,0,8.805241
/home/prombo/car/CarND-Behavioral-Cloning-P3/collected_data/onto_bridge/IMG/center_2018_11_08_00_00_33_703.jpg,/home/prombo/car/CarND-Behavioral-Cloning-P3/collected_data/onto_bridge/IMG/left_2018_11_08_00_00_33_703.jpg,/home/prombo/car/CarND-Behavioral-Cloning-P3/collected_data/onto_bridge/IMG/right_2018_11_08_00_00_33_703.jpg,0.1235294,0.7463167,0,9.544188
/home/prombo/car/CarND-Behavioral-Cloning-P3/collected_data/onto_bridge/IMG/center_2018_11_08_00_00_33_786.jpg,/home/prombo/car/CarND-Behavioral-Cloning-P3/collected_data/onto_bridge/IMG/left_2018_11_08_00_00_33_786.jpg,/home/prombo/car/CarND-Behavioral-Cloning-P3/collected_data/onto_bridge/IMG/right_2018_11_08_00_00_33_786.jpg,0.1235294,0.4970164,0,10.03521
/home/prombo/car/CarND-Behavioral-Cloning-P3/collected_data/onto_bridge/IMG/center_2018_11_08_00_00_33_872.jpg,/home/prombo/car/CarND-Behavioral-Cloning-P3/collected_data/onto_bridge/IMG/left_2018_11_08_00_00_33_872.jpg,/home/prombo/car/CarND-Behavioral-Cloning-P3/collected_data/onto_bridge/IMG/right_2018_11_08_00_00_33_872.jpg,0.1235294,0.2384558,0,10.34724
/home/prombo/car/CarND-Behavioral-Cloning-P3/collected_data/onto_bridge/IMG/center_2018_11_08_00_00_33_959.jpg,/home/prombo/car/CarND-Behavioral-Cloning-P3/collected_data/onto_bridge/IMG/left_2018_11_08_00_00_33_959.jpg,/home/prombo/car/CarND-Behavioral-Cloning-P3/collected_data/onto_bridge/IMG/right_2018_11_08_00_00_33_959.jpg,0.09411765,0.2501559,0,10.44611
/home/prombo/car/CarND-Behavioral-Cloning-P3/collected_data/onto_bridge/IMG/center_2018_11_08_00_00_34_046.jpg,/home/prombo/car/CarND-Behavioral-Cloning-P3/collected_data/onto_bridge/IMG/left_2018_11_08_00_00_34_046.jpg,/home/prombo/car/CarND-Behavioral-Cloning-P3/collected_data/onto_bridge/IMG/right_2018_11_08_00_00_34_046.jpg,0.05882353,0.5119689,0,10.77989
/home/prombo/car/CarND-Behavioral-Cloning-P3/collected_data/onto_bridge/IMG/center_2018_11_08_00_00_34_130.jpg,/home/prombo/car/CarND-Behavioral-Cloning-P3/collected_data/onto_bridge/IMG/left_2018_11_08_00_00_34_130.jpg,/home/prombo/car/CarND-Behavioral-Cloning-P3/collected_data/onto_bridge/IMG/right_2018_11_08_00_00_34_130.jpg,0.04705882,0.52384,0,11.45435
/home/prombo/car/CarND-Behavioral-Cloning-P3/collected_data/onto_bridge/IMG/center_2018_11_08_00_00_34_244.jpg,/home/prombo/car/CarND-Behavioral-Cloning-P3/collected_data/onto_bridge/IMG/left_2018_11_08_00_00_34_244.jpg,/home/prombo/car/CarND-Behavioral-Cloning-P3/collected_data/onto_bridge/IMG/right_2018_11_08_00_00_34_244.jpg,-0.02352941,0.2446535,0,11.7486
/home/prombo/car/CarND-Behavioral-Cloning-P3/collected_data/onto_bridge/IMG/center_2018_11_08_00_00_34_331.jpg,/home/prombo/car/CarND-Behavioral-Cloning-P3/collected_data/onto_bridge/IMG/left_2018_11_08_00_00_34_331.jpg,/home/prombo/car/CarND-Behavioral-Cloning-P3/collected_data/onto_bridge/IMG/right_2018_11_08_00_00_34_331.jpg,-0.08823529,0,0,11.46122
/home/prombo/car/CarND-Behavioral-Cloning-P3/collected_data/onto_bridge/IMG/center_2018_11_08_00_00_34_412.jpg,/home/prombo/car/CarND-Behavioral-Cloning-P3/collected_data/onto_bridge/IMG/left_2018_11_08_00_00_34_412.jpg,/home/prombo/car/CarND-Behavioral-Cloning-P3/collected_data/onto_bridge/IMG/right_2018_11_08_00_00_34_412.jpg,-0.1588235,0.1207259,0,11.36665
/home/prombo/car/CarND-Behavioral-Cloning-P3/collected_data/onto_bridge/IMG/center_2018_11_08_00_00_34_498.jpg,/home/prombo/car/CarND-Behavioral-Cloning-P3/collected_data/onto_bridge/IMG/left_2018_11_08_00_00_34_498.jpg,/home/prombo/car/CarND-Behavioral-Cloning-P3/collected_data/onto_bridge/IMG/right_2018_11_08_00_00_34_498.jpg,-0.2529412,0.3727019,0,11.58796
/home/prombo/car/CarND-Behavioral-Cloning-P3/collected_data/onto_bridge/IMG/center_2018_11_08_00_00_34_585.jpg,/home/prombo/car/CarND-Behavioral-Cloning-P3/collected_data/onto_bridge/IMG/left_2018_11_08_00_00_34_585.jpg,/home/prombo/car/CarND-Behavioral-Cloning-P3/collected_data/onto_bridge/IMG/right_2018_11_08_00_00_34_585.jpg,-0.3,0.3876715,0,12.11271
/home/prombo/car/CarND-Behavioral-Cloning-P3/collected_data/onto_bridge/IMG/center_2018_11_08_00_00_34_677.jpg,/home/prombo/car/CarND-Behavioral-Cloning-P3/collected_data/onto_bridge/IMG/left_2018_11_08_00_00_34_677.jpg,/home/prombo/car/CarND-Behavioral-Cloning-P3/collected_data/onto_bridge/IMG/right_2018_11_08_00_00_34_677.jpg,-0.3352941,0.09715748,0,11.98164
/home/prombo/car/CarND-Behavioral-Cloning-P3/collected_data/onto_bridge/IMG/center_2018_11_08_00_00_34_770.jpg,/home/prombo/car/CarND-Behavioral-Cloning-P3/collected_data/onto_bridge/IMG/left_2018_11_08_00_00_34_770.jpg,/home/prombo/car/CarND-Behavioral-Cloning-P3/collected_data/onto_bridge/IMG/right_2018_11_08_00_00_34_770.jpg,-0.3411765,0,0,11.9051
/home/prombo/car/CarND-Behavioral-Cloning-P3/collected_data/onto_bridge/IMG/center_2018_11_08_00_00_34_861.jpg,/home/prombo/car/CarND-Behavioral-Cloning-P3/collected_data/onto_bridge/IMG/left_2018_11_08_00_00_34_861.jpg,/home/prombo/car/CarND-Behavioral-Cloning-P3/collected_data/onto_bridge/IMG/right_2018_11_08_00_00_34_861.jpg,-0.3411765,0.2817392,0,12.086
/home/prombo/car/CarND-Behavioral-Cloning-P3/collected_data/onto_bridge/IMG/center_2018_11_08_00_00_34_947.jpg,/home/prombo/car/CarND-Behavioral-Cloning-P3/collected_data/onto_bridge/IMG/left_2018_11_08_00_00_34_947.jpg,/home/prombo/car/CarND-Behavioral-Cloning-P3/collected_data/onto_bridge/IMG/right_2018_11_08_00_00_34_947.jpg,-0.3,0.02853298,0,12.08416
/home/prombo/car/CarND-Behavioral-Cloning-P3/collected_data/onto_bridge/IMG/center_2018_11_08_00_00_35_043.jpg,/home/prombo/car/CarND-Behavioral-Cloning-P3/collected_data/onto_bridge/IMG/left_2018_11_08_00_00_35_043.jpg,/home/prombo/car/CarND-Behavioral-Cloning-P3/collected_data/onto_bridge/IMG/right_2018_11_08_00_00_35_043.jpg,-0.1941176,0.160959,0,12.13329
/home/prombo/car/CarND-Behavioral-Cloning-P3/collected_data/onto_bridge/IMG/center_2018_11_08_00_00_35_134.jpg,/home/prombo/car/CarND-Behavioral-Cloning-P3/collected_data/onto_bridge/IMG/left_2018_11_08_00_00_35_134.jpg,/home/prombo/car/CarND-Behavioral-Cloning-P3/collected_data/onto_bridge/IMG/right_2018_11_08_00_00_35_134.jpg,-0.1882353,0.4216983,0,12.32326
/home/prombo/car/CarND-Behavioral-Cloning-P3/collected_data/onto_bridge/IMG/center_2018_11_08_00_00_35_202.jpg,/home/prombo/car/CarND-Behavioral-Cloning-P3/collected_data/onto_bridge/IMG/left_2018_11_08_00_00_35_202.jpg,/home/prombo/car/CarND-Behavioral-Cloning-P3/collected_data/onto_bridge/IMG/right_2018_11_08_00_00_35_202.jpg,-0.005882353,0.1410363,0,12.48123
/home/prombo/car/CarND-Behavioral-Cloning-P3/collected_data/onto_bridge/IMG/center_2018_11_08_00_00_35_321.jpg,/home/prombo/car/CarND-Behavioral-Cloning-P3/collected_data/onto_bridge/IMG/left_2018_11_08_00_00_35_321.jpg,/home/prombo/car/CarND-Behavioral-Cloning-P3/collected_data/onto_bridge/IMG/right_2018_11_08_00_00_35_321.jpg,0,0.1674571,0,12.47672
/home/prombo/car/CarND-Behavioral-Cloning-P3/collected_data/onto_bridge/IMG/center_2018_11_08_00_00_35_417.jpg,/home/prombo/car/CarND-Behavioral-Cloning-P3/collected_data/onto_bridge/IMG/left_2018_11_08_00_00_35_417.jpg,/home/prombo/car/CarND-Behavioral-Cloning-P3/collected_data/onto_bridge/IMG/right_2018_11_08_00_00_35_417.jpg,0,0.1679313,0,12.74754
/home/prombo/car/CarND-Behavioral-Cloning-P3/collected_data/onto_bridge/IMG/center_2018_11_08_00_00_35_509.jpg,/home/prombo/car/CarND-Behavioral-Cloning-P3/collected_data/onto_bridge/IMG/left_2018_11_08_00_00_35_509.jpg,/home/prombo/car/CarND-Behavioral-Cloning-P3/collected_data/onto_bridge/IMG/right_2018_11_08_00_00_35_509.jpg,0,0,0,12.64415
/home/prombo/car/CarND-Behavioral-Cloning-P3/collected_data/onto_bridge/IMG/center_2018_11_08_00_00_35_596.jpg,/home/prombo/car/CarND-Behavioral-Cloning-P3/collected_data/onto_bridge/IMG/left_2018_11_08_00_00_35_596.jpg,/home/prombo/car/CarND-Behavioral-Cloning-P3/collected_data/onto_bridge/IMG/right_2018_11_08_00_00_35_596.jpg,0,0.2706213,0,12.66809
/home/prombo/car/CarND-Behavioral-Cloning-P3/collected_data/onto_bridge/IMG/center_2018_11_08_00_00_35_694.jpg,/home/prombo/car/CarND-Behavioral-Cloning-P3/collected_data/onto_bridge/IMG/left_2018_11_08_00_00_35_694.jpg,/home/prombo/car/CarND-Behavioral-Cloning-P3/collected_data/onto_bridge/IMG/right_2018_11_08_00_00_35_694.jpg,0,0,0,12.68904
/home/prombo/car/CarND-Behavioral-Cloning-P3/collected_data/onto_bridge/IMG/center_2018_11_08_00_00_35_781.jpg,/home/prombo/car/CarND-Behavioral-Cloning-P3/collected_data/onto_bridge/IMG/left_2018_11_08_00_00_35_781.jpg,/home/prombo/car/CarND-Behavioral-Cloning-P3/collected_data/onto_bridge/IMG/right_2018_11_08_00_00_35_781.jpg,-0.04705882,0.1348529,0,12.58205
/home/prombo/car/CarND-Behavioral-Cloning-P3/collected_data/onto_bridge/IMG/center_2018_11_08_00_00_35_872.jpg,/home/prombo/car/CarND-Behavioral-Cloning-P3/collected_data/onto_bridge/IMG/left_2018_11_08_00_00_35_872.jpg,/home/prombo/car/CarND-Behavioral-Cloning-P3/collected_data/onto_bridge/IMG/right_2018_11_08_00_00_35_872.jpg,-0.09411765,0.1481881,0,12.74496
/home/prombo/car/CarND-Behavioral-Cloning-P3/collected_data/onto_bridge/IMG/center_2018_11_08_00_00_35_962.jpg,/home/prombo/car/CarND-Behavioral-Cloning-P3/collected_data/onto_bridge/IMG/left_2018_11_08_00_00_35_962.jpg,/home/prombo/car/CarND-Behavioral-Cloning-P3/collected_data/onto_bridge/IMG/right_2018_11_08_00_00_35_962.jpg,-0.1588235,0,0,12.54826
/home/prombo/car/CarND-Behavioral-Cloning-P3/collected_data/onto_bridge/IMG/center_2018_11_08_00_00_36_056.jpg,/home/prombo/car/CarND-Behavioral-Cloning-P3/collected_data/onto_bridge/IMG/left_2018_11_08_00_00_36_056.jpg,/home/prombo/car/CarND-Behavioral-Cloning-P3/collected_data/onto_bridge/IMG/right_2018_11_08_00_00_36_056.jpg,-0.1588235,0.283998,0,12.67538
/home/prombo/car/CarND-Behavioral-Cloning-P3/collected_data/onto_bridge/IMG/center_2018_11_08_00_00_36_161.jpg,/home/prombo/car/CarND-Behavioral-Cloning-P3/collected_data/onto_bridge/IMG/left_2018_11_08_00_00_36_161.jpg,/home/prombo/car/CarND-Behavioral-Cloning-P3/collected_data/onto_bridge/IMG/right_2018_11_08_00_00_36_161.jpg,-0.1764706,0.004220724,0,12.77355
/home/prombo/car/CarND-Behavioral-Cloning-P3/collected_data/onto_bridge/IMG/center_2018_11_08_00_00_36_253.jpg,/home/prombo/car/CarND-Behavioral-Cloning-P3/collected_data/onto_bridge/IMG/left_2018_11_08_00_00_36_253.jpg,/home/prombo/car/CarND-Behavioral-Cloning-P3/collected_data/onto_bridge/IMG/right_2018_11_08_00_00_36_253.jpg,-0.1823529,0,0,12.62506
/home/prombo/car/CarND-Behavioral-Cloning-P3/collected_data/onto_bridge/IMG/center_2018_11_08_00_00_36_346.jpg,/home/prombo/car/CarND-Behavioral-Cloning-P3/collected_data/onto_bridge/IMG/left_2018_11_08_00_00_36_346.jpg,/home/prombo/car/CarND-Behavioral-Cloning-P3/collected_data/onto_bridge/IMG/right_2018_11_08_00_00_36_346.jpg,-0.1823529,0,0,12.42003
/home/prombo/car/CarND-Behavioral-Cloning-P3/collected_data/onto_bridge/IMG/center_2018_11_08_00_00_36_443.jpg,/home/prombo/car/CarND-Behavioral-Cloning-P3/collected_data/onto_bridge/IMG/left_2018_11_08_00_00_36_443.jpg,/home/prombo/car/CarND-Behavioral-Cloning-P3/collected_data/onto_bridge/IMG/right_2018_11_08_00_00_36_443.jpg,-0.1823529,0,0,12.31037
/home/prombo/car/CarND-Behavioral-Cloning-P3/collected_data/onto_bridge/IMG/center_2018_11_08_00_00_36_546.jpg,/home/prombo/car/CarND-Behavioral-Cloning-P3/collected_data/onto_bridge/IMG/left_2018_11_08_00_00_36_546.jpg,/home/prombo/car/CarND-Behavioral-Cloning-P3/collected_data/onto_bridge/IMG/right_2018_11_08_00_00_36_546.jpg,-0.1823529,0,0,12.19152
/home/prombo/car/CarND-Behavioral-Cloning-P3/collected_data/onto_bridge/IMG/center_2018_11_08_00_00_36_655.jpg,/home/prombo/car/CarND-Behavioral-Cloning-P3/collected_data/onto_bridge/IMG/left_2018_11_08_00_00_36_655.jpg,/home/prombo/car/CarND-Behavioral-Cloning-P3/collected_data/onto_bridge/IMG/right_2018_11_08_00_00_36_655.jpg,-0.1823529,0,0,12.14306
/home/prombo/car/CarND-Behavioral-Cloning-P3/collected_data/onto_bridge/IMG/center_2018_11_08_00_00_36_766.jpg,/home/prombo/car/CarND-Behavioral-Cloning-P3/collected_data/onto_bridge/IMG/left_2018_11_08_00_00_36_766.jpg,/home/prombo/car/CarND-Behavioral-Cloning-P3/collected_data/onto_bridge/IMG/right_2018_11_08_00_00_36_766.jpg,-0.1823529,0,0,11.90492
/home/prombo/car/CarND-Behavioral-Cloning-P3/collected_data/onto_bridge/IMG/center_2018_11_08_00_00_36_869.jpg,/home/prombo/car/CarND-Behavioral-Cloning-P3/collected_data/onto_bridge/IMG/left_2018_11_08_00_00_36_869.jpg,/home/prombo/car/CarND-Behavioral-Cloning-P3/collected_data/onto_bridge/IMG/right_2018_11_08_00_00_36_869.jpg,-0.04705882,0,0,11.76962
/home/prombo/car/CarND-Behavioral-Cloning-P3/collected_data/onto_bridge/IMG/center_2018_11_08_00_00_36_971.jpg,/home/prombo/car/CarND-Behavioral-Cloning-P3/collected_data/onto_bridge/IMG/left_2018_11_08_00_00_36_971.jpg,/home/prombo/car/CarND-Behavioral-Cloning-P3/collected_data/onto_bridge/IMG/right_2018_11_08_00_00_36_971.jpg,0.005882353,0,0,11.66322
/home/prombo/car/CarND-Behavioral-Cloning-P3/collected_data/onto_bridge/IMG/center_2018_11_08_00_00_37_070.jpg,/home/prombo/car/CarND-Behavioral-Cloning-P3/collected_data/onto_bridge/IMG/left_2018_11_08_00_00_37_070.jpg,/home/prombo/car/CarND-Behavioral-Cloning-P3/collected_data/onto_bridge/IMG/right_2018_11_08_00_00_37_070.jpg,0.01176471,0,0,11.53863
/home/prombo/car/CarND-Behavioral-Cloning-P3/collected_data/onto_bridge/IMG/center_2018_11_08_00_00_37_169.jpg,/home/prombo/car/CarND-Behavioral-Cloning-P3/collected_data/onto_bridge/IMG/left_2018_11_08_00_00_37_169.jpg,/home/prombo/car/CarND-Behavioral-Cloning-P3/collected_data/onto_bridge/IMG/right_2018_11_08_00_00_37_169.jpg,0.02352941,0,0,11.60692
/home/prombo/car/CarND-Behavioral-Cloning-P3/collected_data/onto_bridge/IMG/center_2018_11_08_00_00_37_264.jpg,/home/prombo/car/CarND-Behavioral-Cloning-P3/collected_data/onto_bridge/IMG/left_2018_11_08_00_00_37_264.jpg,/home/prombo/car/CarND-Behavioral-Cloning-P3/collected_data/onto_bridge/IMG/right_2018_11_08_00_00_37_264.jpg,0.02352941,0,0,11.29877
/home/prombo/car/CarND-Behavioral-Cloning-P3/collected_data/onto_bridge/IMG/center_2018_11_08_00_00_37_364.jpg,/home/prombo/car/CarND-Behavioral-Cloning-P3/collected_data/onto_bridge/IMG/left_2018_11_08_00_00_37_364.jpg,/home/prombo/car/CarND-Behavioral-Cloning-P3/collected_data/onto_bridge/IMG/right_2018_11_08_00_00_37_364.jpg,0.02352941,0,0,11.27208
/home/prombo/car/CarND-Behavioral-Cloning-P3/collected_data/onto_bridge/IMG/center_2018_11_08_00_00_37_465.jpg,/home/prombo/car/CarND-Behavioral-Cloning-P3/collected_data/onto_bridge/IMG/left_2018_11_08_00_00_37_465.jpg,/home/prombo/car/CarND-Behavioral-Cloning-P3/collected_data/onto_bridge/IMG/right_2018_11_08_00_00_37_465.jpg,0.02352941,0,0,11.14137
/home/prombo/car/CarND-Behavioral-Cloning-P3/collected_data/onto_bridge/IMG/center_2018_11_08_00_00_37_537.jpg,/home/prombo/car/CarND-Behavioral-Cloning-P3/collected_data/onto_bridge/IMG/left_2018_11_08_00_00_37_537.jpg,/home/prombo/car/CarND-Behavioral-Cloning-P3/collected_data/onto_bridge/IMG/right_2018_11_08_00_00_37_537.jpg,0.02352941,0,0,11.02721
/home/prombo/car/CarND-Behavioral-Cloning-P3/collected_data/onto_bridge/IMG/center_2018_11_08_00_00_37_636.jpg,/home/prombo/car/CarND-Behavioral-Cloning-P3/collected_data/onto_bridge/IMG/left_2018_11_08_00_00_37_636.jpg,/home/prombo/car/CarND-Behavioral-Cloning-P3/collected_data/onto_bridge/IMG/right_2018_11_08_00_00_37_636.jpg,0.02352941,0,0,10.91426
/home/prombo/car/CarND-Behavioral-Cloning-P3/collected_data/onto_bridge/IMG/center_2018_11_08_00_00_37_735.jpg,/home/prombo/car/CarND-Behavioral-Cloning-P3/collected_data/onto_bridge/IMG/left_2018_11_08_00_00_37_735.jpg,/home/prombo/car/CarND-Behavioral-Cloning-P3/collected_data/onto_bridge/IMG/right_2018_11_08_00_00_37_735.jpg,0.02352941,0,0,10.80431
/home/prombo/car/CarND-Behavioral-Cloning-P3/collected_data/onto_bridge/IMG/center_2018_11_08_00_00_37_839.jpg,/home/prombo/car/CarND-Behavioral-Cloning-P3/collected_data/onto_bridge/IMG/left_2018_11_08_00_00_37_839.jpg,/home/prombo/car/CarND-Behavioral-Cloning-P3/collected_data/onto_bridge/IMG/right_2018_11_08_00_00_37_839.jpg,-0.005882353,0,0,10.69112
/home/prombo/car/CarND-Behavioral-Cloning-P3/collected_data/onto_bridge/IMG/center_2018_11_08_00_00_37_938.jpg,/home/prombo/car/CarND-Behavioral-Cloning-P3/collected_data/onto_bridge/IMG/left_2018_11_08_00_00_37_938.jpg,/home/prombo/car/CarND-Behavioral-Cloning-P3/collected_data/onto_bridge/IMG/right_2018_11_08_00_00_37_938.jpg,-0.01764706,0,0,10.58145
/home/prombo/car/CarND-Behavioral-Cloning-P3/collected_data/onto_bridge/IMG/center_2018_11_08_00_00_38_038.jpg,/home/prombo/car/CarND-Behavioral-Cloning-P3/collected_data/onto_bridge/IMG/left_2018_11_08_00_00_38_038.jpg,/home/prombo/car/CarND-Behavioral-Cloning-P3/collected_data/onto_bridge/IMG/right_2018_11_08_00_00_38_038.jpg,-0.01764706,0,0,10.47318
/home/prombo/car/CarND-Behavioral-Cloning-P3/collected_data/onto_bridge/IMG/center_2018_11_08_00_00_38_145.jpg,/home/prombo/car/CarND-Behavioral-Cloning-P3/collected_data/onto_bridge/IMG/left_2018_11_08_00_00_38_145.jpg,/home/prombo/car/CarND-Behavioral-Cloning-P3/collected_data/onto_bridge/IMG/right_2018_11_08_00_00_38_145.jpg,-0.01764706,0,0,10.36601
/home/prombo/car/CarND-Behavioral-Cloning-P3/collected_data/onto_bridge/IMG/center_2018_11_08_00_00_38_244.jpg,/home/prombo/car/CarND-Behavioral-Cloning-P3/collected_data/onto_bridge/IMG/left_2018_11_08_00_00_38_244.jpg,/home/prombo/car/CarND-Behavioral-Cloning-P3/collected_data/onto_bridge/IMG/right_2018_11_08_00_00_38_244.jpg,-0.01764706,0,0,10.25992
/home/prombo/car/CarND-Behavioral-Cloning-P3/collected_data/onto_bridge/IMG/center_2018_11_08_00_00_56_878.jpg,/home/prombo/car/CarND-Behavioral-Cloning-P3/collected_data/onto_bridge/IMG/left_2018_11_08_00_00_56_878.jpg,/home/prombo/car/CarND-Behavioral-Cloning-P3/collected_data/onto_bridge/IMG/right_2018_11_08_00_00_56_878.jpg,0,0,0,0.9651173
/home/prombo/car/CarND-Behavioral-Cloning-P3/collected_data/onto_bridge/IMG/center_2018_11_08_00_00_56_969.jpg,/home/prombo/car/CarND-Behavioral-Cloning-P3/collected_data/onto_bridge/IMG/left_2018_11_08_00_00_56_969.jpg,/home/prombo/car/CarND-Behavioral-Cloning-P3/collected_data/onto_bridge/IMG/right_2018_11_08_00_00_56_969.jpg,0,0,0,0.9726666
/home/prombo/car/CarND-Behavioral-Cloning-P3/collected_data/onto_bridge/IMG/center_2018_11_08_00_00_57_066.jpg,/home/prombo/car/CarND-Behavioral-Cloning-P3/collected_data/onto_bridge/IMG/left_2018_11_08_00_00_57_066.jpg,/home/prombo/car/CarND-Behavioral-Cloning-P3/collected_data/onto_bridge/IMG/right_2018_11_08_00_00_57_066.jpg,0,0,0,0.9785426
/home/prombo/car/CarND-Behavioral-Cloning-P3/collected_data/onto_bridge/IMG/center_2018_11_08_00_00_57_163.jpg,/home/prombo/car/CarND-Behavioral-Cloning-P3/collected_data/onto_bridge/IMG/left_2018_11_08_00_00_57_163.jpg,/home/prombo/car/CarND-Behavioral-Cloning-P3/collected_data/onto_bridge/IMG/right_2018_11_08_00_00_57_163.jpg,0,0,0,0.985697
/home/prombo/car/CarND-Behavioral-Cloning-P3/collected_data/onto_bridge/IMG/center_2018_11_08_00_00_57_261.jpg,/home/prombo/car/CarND-Behavioral-Cloning-P3/collected_data/onto_bridge/IMG/left_2018_11_08_00_00_57_261.jpg,/home/prombo/car/CarND-Behavioral-Cloning-P3/collected_data/onto_bridge/IMG/right_2018_11_08_00_00_57_261.jpg,0,0,0,0.9926345
/home/prombo/car/CarND-Behavioral-Cloning-P3/collected_data/onto_bridge/IMG/center_2018_11_08_00_00_57_356.jpg,/home/prombo/car/CarND-Behavioral-Cloning-P3/collected_data/onto_bridge/IMG/left_2018_11_08_00_00_57_356.jpg,/home/prombo/car/CarND-Behavioral-Cloning-P3/collected_data/onto_bridge/IMG/right_2018_11_08_00_00_57_356.jpg,0.04705882,0,0,1.001821
/home/prombo/car/CarND-Behavioral-Cloning-P3/collected_data/onto_bridge/IMG/center_2018_11_08_00_00_57_473.jpg,/home/prombo/car/CarND-Behavioral-Cloning-P3/collected_data/onto_bridge/IMG/left_2018_11_08_00_00_57_473.jpg,/home/prombo/car/CarND-Behavioral-Cloning-P3/collected_data/onto_bridge/IMG/right_2018_11_08_00_00_57_473.jpg,0.2235294,0.2825904,0,1.308216
/home/prombo/car/CarND-Behavioral-Cloning-P3/collected_data/onto_bridge/IMG/center_2018_11_08_00_00_57_567.jpg,/home/prombo/car/CarND-Behavioral-Cloning-P3/collected_data/onto_bridge/IMG/left_2018_11_08_00_00_57_567.jpg,/home/prombo/car/CarND-Behavioral-Cloning-P3/collected_data/onto_bridge/IMG/right_2018_11_08_00_00_57_567.jpg,0.4058823,0.5542588,0,1.77719
/home/prombo/car/CarND-Behavioral-Cloning-P3/collected_data/onto_bridge/IMG/center_2018_11_08_00_00_57_635.jpg,/home/prombo/car/CarND-Behavioral-Cloning-P3/collected_data/onto_bridge/IMG/left_2018_11_08_00_00_57_635.jpg,/home/prombo/car/CarND-Behavioral-Cloning-P3/collected_data/onto_bridge/IMG/right_2018_11_08_00_00_57_635.jpg,0.4352941,0.8394685,0,2.72579
/home/prombo/car/CarND-Behavioral-Cloning-P3/collected_data/onto_bridge/IMG/center_2018_11_08_00_00_57_729.jpg,/home/prombo/car/CarND-Behavioral-Cloning-P3/collected_data/onto_bridge/IMG/left_2018_11_08_00_00_57_729.jpg,/home/prombo/car/CarND-Behavioral-Cloning-P3/collected_data/onto_bridge/IMG/right_2018_11_08_00_00_57_729.jpg,0.5176471,0.5569253,0,3.478728
/home/prombo/car/CarND-Behavioral-Cloning-P3/collected_data/onto_bridge/IMG/center_2018_11_08_00_00_57_822.jpg,/home/prombo/car/CarND-Behavioral-Cloning-P3/collected_data/onto_bridge/IMG/left_2018_11_08_00_00_57_822.jpg,/home/prombo/car/CarND-Behavioral-Cloning-P3/collected_data/onto_bridge/IMG/right_2018_11_08_00_00_57_822.jpg,0.5588235,0.279494,0,3.841559
/home/prombo/car/CarND-Behavioral-Cloning-P3/collected_data/onto_bridge/IMG/center_2018_11_08_00_00_57_909.jpg,/home/prombo/car/CarND-Behavioral-Cloning-P3/collected_data/onto_bridge/IMG/left_2018_11_08_00_00_57_909.jpg,/home/prombo/car/CarND-Behavioral-Cloning-P3/collected_data/onto_bridge/IMG/right_2018_11_08_00_00_57_909.jpg,0.6,0.01960444,0,3.964035
/home/prombo/car/CarND-Behavioral-Cloning-P3/collected_data/onto_bridge/IMG/center_2018_11_08_00_00_58_000.jpg,/home/prombo/car/CarND-Behavioral-Cloning-P3/collected_data/onto_bridge/IMG/left_2018_11_08_00_00_58_000.jpg,/home/prombo/car/CarND-Behavioral-Cloning-P3/collected_data/onto_bridge/IMG/right_2018_11_08_00_00_58_000.jpg,0.6117647,0,0,3.997763
/home/prombo/car/CarND-Behavioral-Cloning-P3/collected_data/onto_bridge/IMG/center_2018_11_08_00_00_58_097.jpg,/home/prombo/car/CarND-Behavioral-Cloning-P3/collected_data/onto_bridge/IMG/left_2018_11_08_00_00_58_097.jpg,/home/prombo/car/CarND-Behavioral-Cloning-P3/collected_data/onto_bridge/IMG/right_2018_11_08_00_00_58_097.jpg,0.6117647,0,0,3.986507
/home/prombo/car/CarND-Behavioral-Cloning-P3/collected_data/onto_bridge/IMG/center_2018_11_08_00_00_58_194.jpg,/home/prombo/car/CarND-Behavioral-Cloning-P3/collected_data/onto_bridge/IMG/left_2018_11_08_00_00_58_194.jpg,/home/prombo/car/CarND-Behavioral-Cloning-P3/collected_data/onto_bridge/IMG/right_2018_11_08_00_00_58_194.jpg,0.6117647,0.290808,0,4.244278
/home/prombo/car/CarND-Behavioral-Cloning-P3/collected_data/onto_bridge/IMG/center_2018_11_08_00_00_58_283.jpg,/home/prombo/car/CarND-Behavioral-Cloning-P3/collected_data/onto_bridge/IMG/left_2018_11_08_00_00_58_283.jpg,/home/prombo/car/CarND-Behavioral-Cloning-P3/collected_data/onto_bridge/IMG/right_2018_11_08_00_00_58_283.jpg,0.6117647,0.5592663,0,4.709825
/home/prombo/car/CarND-Behavioral-Cloning-P3/collected_data/onto_bridge/IMG/center_2018_11_08_00_00_58_379.jpg,/home/prombo/car/CarND-Behavioral-Cloning-P3/collected_data/onto_bridge/IMG/left_2018_11_08_00_00_58_379.jpg,/home/prombo/car/CarND-Behavioral-Cloning-P3/collected_data/onto_bridge/IMG/right_2018_11_08_00_00_58_379.jpg,0.6117647,0.8453643,0,5.625814
/home/prombo/car/CarND-Behavioral-Cloning-P3/collected_data/onto_bridge/IMG/center_2018_11_08_00_00_58_469.jpg,/home/prombo/car/CarND-Behavioral-Cloning-P3/collected_data/onto_bridge/IMG/left_2018_11_08_00_00_58_469.jpg,/home/prombo/car/CarND-Behavioral-Cloning-P3/collected_data/onto_bridge/IMG/right_2018_11_08_00_00_58_469.jpg,0.6117647,0.8331656,0,6.67679
/home/prombo/car/CarND-Behavioral-Cloning-P3/collected_data/onto_bridge/IMG/center_2018_11_08_00_00_58_559.jpg,/home/prombo/car/CarND-Behavioral-Cloning-P3/collected_data/onto_bridge/IMG/left_2018_11_08_00_00_58_559.jpg,/home/prombo/car/CarND-Behavioral-Cloning-P3/collected_data/onto_bridge/IMG/right_2018_11_08_00_00_58_559.jpg,0.6117647,0.563025,0,7.280229
/home/prombo/car/CarND-Behavioral-Cloning-P3/collected_data/onto_bridge/IMG/center_2018_11_08_00_00_58_652.jpg,/home/prombo/car/CarND-Behavioral-Cloning-P3/collected_data/onto_bridge/IMG/left_2018_11_08_00_00_58_652.jpg,/home/prombo/car/CarND-Behavioral-Cloning-P3/collected_data/onto_bridge/IMG/right_2018_11_08_00_00_58_652.jpg,0.6117647,0.285882,0,7.637342
/home/prombo/car/CarND-Behavioral-Cloning-P3/collected_data/onto_bridge/IMG/center_2018_11_08_00_00_58_736.jpg,/home/prombo/car/CarND-Behavioral-Cloning-P3/collected_data/onto_bridge/IMG/left_2018_11_08_00_00_58_736.jpg,/home/prombo/car/CarND-Behavioral-Cloning-P3/collected_data/onto_bridge/IMG/right_2018_11_08_00_00_58_736.jpg,0.6117647,0.03110361,0,7.695715
/home/prombo/car/CarND-Behavioral-Cloning-P3/collected_data/onto_bridge/IMG/center_2018_11_08_00_00_58_833.jpg,/home/prombo/car/CarND-Behavioral-Cloning-P3/collected_data/onto_bridge/IMG/left_2018_11_08_00_00_58_833.jpg,/home/prombo/car/CarND-Behavioral-Cloning-P3/collected_data/onto_bridge/IMG/right_2018_11_08_00_00_58_833.jpg,0.6117647,0,0,7.634041
/home/prombo/car/CarND-Behavioral-Cloning-P3/collected_data/onto_bridge/IMG/center_2018_11_08_00_00_58_922.jpg,/home/prombo/car/CarND-Behavioral-Cloning-P3/collected_data/onto_bridge/IMG/left_2018_11_08_00_00_58_922.jpg,/home/prombo/car/CarND-Behavioral-Cloning-P3/collected_data/onto_bridge/IMG/right_2018_11_08_00_00_58_922.jpg,0.4117647,0,0,7.594654
/home/prombo/car/CarND-Behavioral-Cloning-P3/collected_data/onto_bridge/IMG/center_2018_11_08_00_00_59_006.jpg,/home/prombo/car/CarND-Behavioral-Cloning-P3/collected_data/onto_bridge/IMG/left_2018_11_08_00_00_59_006.jpg,/home/prombo/car/CarND-Behavioral-Cloning-P3/collected_data/onto_bridge/IMG/right_2018_11_08_00_00_59_006.jpg,0.3294118,0,0,7.552253
/home/prombo/car/CarND-Behavioral-Cloning-P3/collected_data/onto_bridge/IMG/center_2018_11_08_00_00_59_100.jpg,/home/prombo/car/CarND-Behavioral-Cloning-P3/collected_data/onto_bridge/IMG/left_2018_11_08_00_00_59_100.jpg,/home/prombo/car/CarND-Behavioral-Cloning-P3/collected_data/onto_bridge/IMG/right_2018_11_08_00_00_59_100.jpg,0.3058824,0,0,7.493882
/home/prombo/car/CarND-Behavioral-Cloning-P3/collected_data/onto_bridge/IMG/center_2018_11_08_00_00_59_197.jpg,/home/prombo/car/CarND-Behavioral-Cloning-P3/collected_data/onto_bridge/IMG/left_2018_11_08_00_00_59_197.jpg,/home/prombo/car/CarND-Behavioral-Cloning-P3/collected_data/onto_bridge/IMG/right_2018_11_08_00_00_59_197.jpg,0.2176471,0,0,7.435504
/home/prombo/car/CarND-Behavioral-Cloning-P3/collected_data/onto_bridge/IMG/center_2018_11_08_00_00_59_279.jpg,/home/prombo/car/CarND-Behavioral-Cloning-P3/collected_data/onto_bridge/IMG/left_2018_11_08_00_00_59_279.jpg,/home/prombo/car/CarND-Behavioral-Cloning-P3/collected_data/onto_bridge/IMG/right_2018_11_08_00_00_59_279.jpg,0.1,0,0,7.38697
/home/prombo/car/CarND-Behavioral-Cloning-P3/collected_data/onto_bridge/IMG/center_2018_11_08_00_00_59_377.jpg,/home/prombo/car/CarND-Behavioral-Cloning-P3/collected_data/onto_bridge/IMG/left_2018_11_08_00_00_59_377.jpg,/home/prombo/car/CarND-Behavioral-Cloning-P3/collected_data/onto_bridge/IMG/right_2018_11_08_00_00_59_377.jpg,0.06470589,0,0,7.323797
/home/prombo/car/CarND-Behavioral-Cloning-P3/collected_data/onto_bridge/IMG/center_2018_11_08_00_00_59_468.jpg,/home/prombo/car/CarND-Behavioral-Cloning-P3/collected_data/onto_bridge/IMG/left_2018_11_08_00_00_59_468.jpg,/home/prombo/car/CarND-Behavioral-Cloning-P3/collected_data/onto_bridge/IMG/right_2018_11_08_00_00_59_468.jpg,0.02941176,0,0,7.261004
/home/prombo/car/CarND-Behavioral-Cloning-P3/collected_data/onto_bridge/IMG/center_2018_11_08_00_00_59_556.jpg,/home/prombo/car/CarND-Behavioral-Cloning-P3/collected_data/onto_bridge/IMG/left_2018_11_08_00_00_59_556.jpg,/home/prombo/car/CarND-Behavioral-Cloning-P3/collected_data/onto_bridge/IMG/right_2018_11_08_00_00_59_556.jpg,-0.005882353,0,0,7.207911
/home/prombo/car/CarND-Behavioral-Cloning-P3/collected_data/onto_bridge/IMG/center_2018_11_08_00_00_59_648.jpg,/home/prombo/car/CarND-Behavioral-Cloning-P3/collected_data/onto_bridge/IMG/left_2018_11_08_00_00_59_648.jpg,/home/prombo/car/CarND-Behavioral-Cloning-P3/collected_data/onto_bridge/IMG/right_2018_11_08_00_00_59_648.jpg,-0.1411765,0,0,7.148528
/home/prombo/car/CarND-Behavioral-Cloning-P3/collected_data/onto_bridge/IMG/center_2018_11_08_00_00_59_737.jpg,/home/prombo/car/CarND-Behavioral-Cloning-P3/collected_data/onto_bridge/IMG/left_2018_11_08_00_00_59_737.jpg,/home/prombo/car/CarND-Behavioral-Cloning-P3/collected_data/onto_bridge/IMG/right_2018_11_08_00_00_59_737.jpg,-0.2352941,0,0,7.072886
/home/prombo/car/CarND-Behavioral-Cloning-P3/collected_data/onto_bridge/IMG/center_2018_11_08_00_00_59_828.jpg,/home/prombo/car/CarND-Behavioral-Cloning-P3/collected_data/onto_bridge/IMG/left_2018_11_08_00_00_59_828.jpg,/home/prombo/car/CarND-Behavioral-Cloning-P3/collected_data/onto_bridge/IMG/right_2018_11_08_00_00_59_828.jpg,-0.2705882,0,0,7.000597
/home/prombo/car/CarND-Behavioral-Cloning-P3/collected_data/onto_bridge/IMG/center_2018_11_08_00_00_59_914.jpg,/home/prombo/car/CarND-Behavioral-Cloning-P3/collected_data/onto_bridge/IMG/left_2018_11_08_00_00_59_914.jpg,/home/prombo/car/CarND-Behavioral-Cloning-P3/collected_data/onto_bridge/IMG/right_2018_11_08_00_00_59_914.jpg,-0.282353,0,0,6.946345
/home/prombo/car/CarND-Behavioral-Cloning-P3/collected_data/onto_bridge/IMG/center_2018_11_08_00_01_00_011.jpg,/home/prombo/car/CarND-Behavioral-Cloning-P3/collected_data/onto_bridge/IMG/left_2018_11_08_00_01_00_011.jpg,/home/prombo/car/CarND-Behavioral-Cloning-P3/collected_data/onto_bridge/IMG/right_2018_11_08_00_01_00_011.jpg,-0.2941177,0,0,6.878989
/home/prombo/car/CarND-Behavioral-Cloning-P3/collected_data/onto_bridge/IMG/center_2018_11_08_00_01_00_107.jpg,/home/prombo/car/CarND-Behavioral-Cloning-P3/collected_data/onto_bridge/IMG/left_2018_11_08_00_01_00_107.jpg,/home/prombo/car/CarND-Behavioral-Cloning-P3/collected_data/onto_bridge/IMG/right_2018_11_08_00_01_00_107.jpg,-0.3058824,0,0,6.825024
/home/prombo/car/CarND-Behavioral-Cloning-P3/collected_data/onto_bridge/IMG/center_2018_11_08_00_01_00_203.jpg,/home/prombo/car/CarND-Behavioral-Cloning-P3/collected_data/onto_bridge/IMG/left_2018_11_08_00_01_00_203.jpg,/home/prombo/car/CarND-Behavioral-Cloning-P3/collected_data/onto_bridge/IMG/right_2018_11_08_00_01_00_203.jpg,-0.3647059,0,0,6.753313
/home/prombo/car/CarND-Behavioral-Cloning-P3/collected_data/onto_bridge/IMG/center_2018_11_08_00_01_00_292.jpg,/home/prombo/car/CarND-Behavioral-Cloning-P3/collected_data/onto_bridge/IMG/left_2018_11_08_00_01_00_292.jpg,/home/prombo/car/CarND-Behavioral-Cloning-P3/collected_data/onto_bridge/IMG/right_2018_11_08_00_01_00_292.jpg,-0.3823529,0,0,6.683033
/home/prombo/car/CarND-Behavioral-Cloning-P3/collected_data/onto_bridge/IMG/center_2018_11_08_00_01_00_395.jpg,/home/prombo/car/CarND-Behavioral-Cloning-P3/collected_data/onto_bridge/IMG/left_2018_11_08_00_01_00_395.jpg,/home/prombo/car/CarND-Behavioral-Cloning-P3/collected_data/onto_bridge/IMG/right_2018_11_08_00_01_00_395.jpg,-0.4235294,0,0,6.612138
/home/prombo/car/CarND-Behavioral-Cloning-P3/collected_data/onto_bridge/IMG/center_2018_11_08_00_01_00_491.jpg,/home/prombo/car/CarND-Behavioral-Cloning-P3/collected_data/onto_bridge/IMG/left_2018_11_08_00_01_00_491.jpg,/home/prombo/car/CarND-Behavioral-Cloning-P3/collected_data/onto_bridge/IMG/right_2018_11_08_00_01_00_491.jpg,-0.4411765,0,0,6.544133
/home/prombo/car/CarND-Behavioral-Cloning-P3/collected_data/onto_bridge/IMG/center_2018_11_08_00_01_00_579.jpg,/home/prombo/car/CarND-Behavioral-Cloning-P3/collected_data/onto_bridge/IMG/left_2018_11_08_00_01_00_579.jpg,/home/prombo/car/CarND-Behavioral-Cloning-P3/collected_data/onto_bridge/IMG/right_2018_11_08_00_01_00_579.jpg,-0.4529412,0,0,6.490361
/home/prombo/car/CarND-Behavioral-Cloning-P3/collected_data/onto_bridge/IMG/center_2018_11_08_00_01_00_676.jpg,/home/prombo/car/CarND-Behavioral-Cloning-P3/collected_data/onto_bridge/IMG/left_2018_11_08_00_01_00_676.jpg,/home/prombo/car/CarND-Behavioral-Cloning-P3/collected_data/onto_bridge/IMG/right_2018_11_08_00_01_00_676.jpg,-0.4529412,0,0,6.425648
/home/prombo/car/CarND-Behavioral-Cloning-P3/collected_data/onto_bridge/IMG/center_2018_11_08_00_01_00_767.jpg,/home/prombo/car/CarND-Behavioral-Cloning-P3/collected_data/onto_bridge/IMG/left_2018_11_08_00_01_00_767.jpg,/home/prombo/car/CarND-Behavioral-Cloning-P3/collected_data/onto_bridge/IMG/right_2018_11_08_00_01_00_767.jpg,-0.4529412,0,0,6.374573
/home/prombo/car/CarND-Behavioral-Cloning-P3/collected_data/onto_bridge/IMG/center_2018_11_08_00_01_00_857.jpg,/home/prombo/car/CarND-Behavioral-Cloning-P3/collected_data/onto_bridge/IMG/left_2018_11_08_00_01_00_857.jpg,/home/prombo/car/CarND-Behavioral-Cloning-P3/collected_data/onto_bridge/IMG/right_2018_11_08_00_01_00_857.jpg,-0.3764706,0,0,6.31687
/home/prombo/car/CarND-Behavioral-Cloning-P3/collected_data/onto_bridge/IMG/center_2018_11_08_00_01_00_950.jpg,/home/prombo/car/CarND-Behavioral-Cloning-P3/collected_data/onto_bridge/IMG/left_2018_11_08_00_01_00_950.jpg,/home/prombo/car/CarND-Behavioral-Cloning-P3/collected_data/onto_bridge/IMG/right_2018_11_08_00_01_00_950.jpg,-0.3529412,0,0,6.25862
/home/prombo/car/CarND-Behavioral-Cloning-P3/collected_data/onto_bridge/IMG/center_2018_11_08_00_01_01_047.jpg,/home/prombo/car/CarND-Behavioral-Cloning-P3/collected_data/onto_bridge/IMG/left_2018_11_08_00_01_01_047.jpg,/home/prombo/car/CarND-Behavioral-Cloning-P3/collected_data/onto_bridge/IMG/right_2018_11_08_00_01_01_047.jpg,-0.3529412,0,0,6.209808
/home/prombo/car/CarND-Behavioral-Cloning-P3/collected_data/onto_bridge/IMG/center_2018_11_08_00_01_01_144.jpg,/home/prombo/car/CarND-Behavioral-Cloning-P3/collected_data/onto_bridge/IMG/left_2018_11_08_00_01_01_144.jpg,/home/prombo/car/CarND-Behavioral-Cloning-P3/collected_data/onto_bridge/IMG/right_2018_11_08_00_01_01_144.jpg,-0.3529412,0,0,6.148639
/home/prombo/car/CarND-Behavioral-Cloning-P3/collected_data/onto_bridge/IMG/center_2018_11_08_00_01_01_259.jpg,/home/prombo/car/CarND-Behavioral-Cloning-P3/collected_data/onto_bridge/IMG/left_2018_11_08_00_01_01_259.jpg,/home/prombo/car/CarND-Behavioral-Cloning-P3/collected_data/onto_bridge/IMG/right_2018_11_08_00_01_01_259.jpg,-0.3529412,0,0,6.075747
/home/prombo/car/CarND-Behavioral-Cloning-P3/collected_data/onto_bridge/IMG/center_2018_11_08_00_01_01_393.jpg,/home/prombo/car/CarND-Behavioral-Cloning-P3/collected_data/onto_bridge/IMG/left_2018_11_08_00_01_01_393.jpg,/home/prombo/car/CarND-Behavioral-Cloning-P3/collected_data/onto_bridge/IMG/right_2018_11_08_00_01_01_393.jpg,-0.3529412,0,0,5.991595
/home/prombo/car/CarND-Behavioral-Cloning-P3/collected_data/onto_bridge/IMG/center_2018_11_08_00_01_01_464.jpg,/home/prombo/car/CarND-Behavioral-Cloning-P3/collected_data/onto_bridge/IMG/left_2018_11_08_00_01_01_464.jpg,/home/prombo/car/CarND-Behavioral-Cloning-P3/collected_data/onto_bridge/IMG/right_2018_11_08_00_01_01_464.jpg,-0.3529412,0,0,5.955828
/home/prombo/car/CarND-Behavioral-Cloning-P3/collected_data/onto_bridge/IMG/center_2018_11_08_00_01_01_532.jpg,/home/prombo/car/CarND-Behavioral-Cloning-P3/collected_data/onto_bridge/IMG/left_2018_11_08_00_01_01_532.jpg,/home/prombo/car/CarND-Behavioral-Cloning-P3/collected_data/onto_bridge/IMG/right_2018_11_08_00_01_01_532.jpg,-0.3529412,0,0,5.908242
/home/prombo/car/CarND-Behavioral-Cloning-P3/collected_data/onto_bridge/IMG/center_2018_11_08_00_01_01_647.jpg,/home/prombo/car/CarND-Behavioral-Cloning-P3/collected_data/onto_bridge/IMG/left_2018_11_08_00_01_01_647.jpg,/home/prombo/car/CarND-Behavioral-Cloning-P3/collected_data/onto_bridge/IMG/right_2018_11_08_00_01_01_647.jpg,0,0,0,5.830541
/home/prombo/car/CarND-Behavioral-Cloning-P3/collected_data/onto_bridge/IMG/center_2018_11_08_00_01_01_760.jpg,/home/prombo/car/CarND-Behavioral-Cloning-P3/collected_data/onto_bridge/IMG/left_2018_11_08_00_01_01_760.jpg,/home/prombo/car/CarND-Behavioral-Cloning-P3/collected_data/onto_bridge/IMG/right_2018_11_08_00_01_01_760.jpg,0,0,0,5.760108
/home/prombo/car/CarND-Behavioral-Cloning-P3/collected_data/onto_bridge/IMG/center_2018_11_08_00_01_01_881.jpg,/home/prombo/car/CarND-Behavioral-Cloning-P3/collected_data/onto_bridge/IMG/left_2018_11_08_00_01_01_881.jpg,/home/prombo/car/CarND-Behavioral-Cloning-P3/collected_data/onto_bridge/IMG/right_2018_11_08_00_01_01_881.jpg,0,0,0,5.614825
/home/prombo/car/CarND-Behavioral-Cloning-P3/collected_data/onto_bridge/IMG/center_2018_11_08_00_01_02_110.jpg,/home/prombo/car/CarND-Behavioral-Cloning-P3/collected_data/onto_bridge/IMG/left_2018_11_08_00_01_02_110.jpg,/home/prombo/car/CarND-Behavioral-Cloning-P3/collected_data/onto_bridge/IMG/right_2018_11_08_00_01_02_110.jpg,0,0,0,5.507472
/home/prombo/car/CarND-Behavioral-Cloning-P3/collected_data/onto_bridge/IMG/center_2018_11_08_00_01_20_117.jpg,/home/prombo/car/CarND-Behavioral-Cloning-P3/collected_data/onto_bridge/IMG/left_2018_11_08_00_01_20_117.jpg,/home/prombo/car/CarND-Behavioral-Cloning-P3/collected_data/onto_bridge/IMG/right_2018_11_08_00_01_20_117.jpg,0,0,0,1.91804
/home/prombo/car/CarND-Behavioral-Cloning-P3/collected_data/onto_bridge/IMG/center_2018_11_08_00_01_20_209.jpg,/home/prombo/car/CarND-Behavioral-Cloning-P3/collected_data/onto_bridge/IMG/left_2018_11_08_00_01_20_209.jpg,/home/prombo/car/CarND-Behavioral-Cloning-P3/collected_data/onto_bridge/IMG/right_2018_11_08_00_01_20_209.jpg,0,0,0,1.898793
/home/prombo/car/CarND-Behavioral-Cloning-P3/collected_data/onto_bridge/IMG/center_2018_11_08_00_01_20_305.jpg,/home/prombo/car/CarND-Behavioral-Cloning-P3/collected_data/onto_bridge/IMG/left_2018_11_08_00_01_20_305.jpg,/home/prombo/car/CarND-Behavioral-Cloning-P3/collected_data/onto_bridge/IMG/right_2018_11_08_00_01_20_305.jpg,0,0,0,1.883535
/home/prombo/car/CarND-Behavioral-Cloning-P3/collected_data/onto_bridge/IMG/center_2018_11_08_00_01_20_402.jpg,/home/prombo/car/CarND-Behavioral-Cloning-P3/collected_data/onto_bridge/IMG/left_2018_11_08_00_01_20_402.jpg,/home/prombo/car/CarND-Behavioral-Cloning-P3/collected_data/onto_bridge/IMG/right_2018_11_08_00_01_20_402.jpg,0,0,0,1.864634
/home/prombo/car/CarND-Behavioral-Cloning-P3/collected_data/onto_bridge/IMG/center_2018_11_08_00_01_20_494.jpg,/home/prombo/car/CarND-Behavioral-Cloning-P3/collected_data/onto_bridge/IMG/left_2018_11_08_00_01_20_494.jpg,/home/prombo/car/CarND-Behavioral-Cloning-P3/collected_data/onto_bridge/IMG/right_2018_11_08_00_01_20_494.jpg,0,0,0,1.845923
/home/prombo/car/CarND-Behavioral-Cloning-P3/collected_data/onto_bridge/IMG/center_2018_11_08_00_01_20_582.jpg,/home/prombo/car/CarND-Behavioral-Cloning-P3/collected_data/onto_bridge/IMG/left_2018_11_08_00_01_20_582.jpg,/home/prombo/car/CarND-Behavioral-Cloning-P3/collected_data/onto_bridge/IMG/right_2018_11_08_00_01_20_582.jpg,0,0,0,1.831089
/home/prombo/car/CarND-Behavioral-Cloning-P3/collected_data/onto_bridge/IMG/center_2018_11_08_00_01_20_704.jpg,/home/prombo/car/CarND-Behavioral-Cloning-P3/collected_data/onto_bridge/IMG/left_2018_11_08_00_01_20_704.jpg,/home/prombo/car/CarND-Behavioral-Cloning-P3/collected_data/onto_bridge/IMG/right_2018_11_08_00_01_20_704.jpg,0,0.146925,0,1.908787
/home/prombo/car/CarND-Behavioral-Cloning-P3/collected_data/onto_bridge/IMG/center_2018_11_08_00_01_20_777.jpg,/home/prombo/car/CarND-Behavioral-Cloning-P3/collected_data/onto_bridge/IMG/left_2018_11_08_00_01_20_777.jpg,/home/prombo/car/CarND-Behavioral-Cloning-P3/collected_data/onto_bridge/IMG/right_2018_11_08_00_01_20_777.jpg,0,0.4361129,0,2.30111
/home/prombo/car/CarND-Behavioral-Cloning-P3/collected_data/onto_bridge/IMG/center_2018_11_08_00_01_20_869.jpg,/home/prombo/car/CarND-Behavioral-Cloning-P3/collected_data/onto_bridge/IMG/left_2018_11_08_00_01_20_869.jpg,/home/prombo/car/CarND-Behavioral-Cloning-P3/collected_data/onto_bridge/IMG/right_2018_11_08_00_01_20_869.jpg,0,0.7138317,0,3.07846
/home/prombo/car/CarND-Behavioral-Cloning-P3/collected_data/onto_bridge/IMG/center_2018_11_08_00_01_20_959.jpg,/home/prombo/car/CarND-Behavioral-Cloning-P3/collected_data/onto_bridge/IMG/left_2018_11_08_00_01_20_959.jpg,/home/prombo/car/CarND-Behavioral-Cloning-P3/collected_data/onto_bridge/IMG/right_2018_11_08_00_01_20_959.jpg,0,0.9811435,0,3.933051
/home/prombo/car/CarND-Behavioral-Cloning-P3/collected_data/onto_bridge/IMG/center_2018_11_08_00_01_21_054.jpg,/home/prombo/car/CarND-Behavioral-Cloning-P3/collected_data/onto_bridge/IMG/left_2018_11_08_00_01_21_054.jpg,/home/prombo/car/CarND-Behavioral-Cloning-P3/collected_data/onto_bridge/IMG/right_2018_11_08_00_01_21_054.jpg,0,1,0,5.09895
/home/prombo/car/CarND-Behavioral-Cloning-P3/collected_data/onto_bridge/IMG/center_2018_11_08_00_01_21_146.jpg,/home/prombo/car/CarND-Behavioral-Cloning-P3/collected_data/onto_bridge/IMG/left_2018_11_08_00_01_21_146.jpg,/home/prombo/car/CarND-Behavioral-Cloning-P3/collected_data/onto_bridge/IMG/right_2018_11_08_00_01_21_146.jpg,0,1,0,6.023926
/home/prombo/car/CarND-Behavioral-Cloning-P3/collected_data/onto_bridge/IMG/center_2018_11_08_00_01_21_241.jpg,/home/prombo/car/CarND-Behavioral-Cloning-P3/collected_data/onto_bridge/IMG/left_2018_11_08_00_01_21_241.jpg,/home/prombo/car/CarND-Behavioral-Cloning-P3/collected_data/onto_bridge/IMG/right_2018_11_08_00_01_21_241.jpg,0,1,0,7.170063
/home/prombo/car/CarND-Behavioral-Cloning-P3/collected_data/onto_bridge/IMG/center_2018_11_08_00_01_21_337.jpg,/home/prombo/car/CarND-Behavioral-Cloning-P3/collected_data/onto_bridge/IMG/left_2018_11_08_00_01_21_337.jpg,/home/prombo/car/CarND-Behavioral-Cloning-P3/collected_data/onto_bridge/IMG/right_2018_11_08_00_01_21_337.jpg,0,1,0,8.305079
/home/prombo/car/CarND-Behavioral-Cloning-P3/collected_data/onto_bridge/IMG/center_2018_11_08_00_01_21_427.jpg,/home/prombo/car/CarND-Behavioral-Cloning-P3/collected_data/onto_bridge/IMG/left_2018_11_08_00_01_21_427.jpg,/home/prombo/car/CarND-Behavioral-Cloning-P3/collected_data/onto_bridge/IMG/right_2018_11_08_00_01_21_427.jpg,0,1,0,9.205134
/home/prombo/car/CarND-Behavioral-Cloning-P3/collected_data/onto_bridge/IMG/center_2018_11_08_00_01_21_522.jpg,/home/prombo/car/CarND-Behavioral-Cloning-P3/collected_data/onto_bridge/IMG/left_2018_11_08_00_01_21_522.jpg,/home/prombo/car/CarND-Behavioral-Cloning-P3/collected_data/onto_bridge/IMG/right_2018_11_08_00_01_21_522.jpg,0,1,0,10.32028
/home/prombo/car/CarND-Behavioral-Cloning-P3/collected_data/onto_bridge/IMG/center_2018_11_08_00_01_21_615.jpg,/home/prombo/car/CarND-Behavioral-Cloning-P3/collected_data/onto_bridge/IMG/left_2018_11_08_00_01_21_615.jpg,/home/prombo/car/CarND-Behavioral-Cloning-P3/collected_data/onto_bridge/IMG/right_2018_11_08_00_01_21_615.jpg,0,1,0,11.52353
/home/prombo/car/CarND-Behavioral-Cloning-P3/collected_data/onto_bridge/IMG/center_2018_11_08_00_01_21_734.jpg,/home/prombo/car/CarND-Behavioral-Cloning-P3/collected_data/onto_bridge/IMG/left_2018_11_08_00_01_21_734.jpg,/home/prombo/car/CarND-Behavioral-Cloning-P3/collected_data/onto_bridge/IMG/right_2018_11_08_00_01_21_734.jpg,0,1,0,12.49689
/home/prombo/car/CarND-Behavioral-Cloning-P3/collected_data/onto_bridge/IMG/center_2018_11_08_00_01_21_803.jpg,/home/prombo/car/CarND-Behavioral-Cloning-P3/collected_data/onto_bridge/IMG/left_2018_11_08_00_01_21_803.jpg,/home/prombo/car/CarND-Behavioral-Cloning-P3/collected_data/onto_bridge/IMG/right_2018_11_08_00_01_21_803.jpg,0,1,0,13.32884
/home/prombo/car/CarND-Behavioral-Cloning-P3/collected_data/onto_bridge/IMG/center_2018_11_08_00_01_21_887.jpg,/home/prombo/car/CarND-Behavioral-Cloning-P3/collected_data/onto_bridge/IMG/left_2018_11_08_00_01_21_887.jpg,/home/prombo/car/CarND-Behavioral-Cloning-P3/collected_data/onto_bridge/IMG/right_2018_11_08_00_01_21_887.jpg,0,1,0,14.05826
/home/prombo/car/CarND-Behavioral-Cloning-P3/collected_data/onto_bridge/IMG/center_2018_11_08_00_01_22_000.jpg,/home/prombo/car/CarND-Behavioral-Cloning-P3/collected_data/onto_bridge/IMG/left_2018_11_08_00_01_22_000.jpg,/home/prombo/car/CarND-Behavioral-Cloning-P3/collected_data/onto_bridge/IMG/right_2018_11_08_00_01_22_000.jpg,0,1,0,15.43267
/home/prombo/car/CarND-Behavioral-Cloning-P3/collected_data/onto_bridge/IMG/center_2018_11_08_00_01_22_069.jpg,/home/prombo/car/CarND-Behavioral-Cloning-P3/collected_data/onto_bridge/IMG/left_2018_11_08_00_01_22_069.jpg,/home/prombo/car/CarND-Behavioral-Cloning-P3/collected_data/onto_bridge/IMG/right_2018_11_08_00_01_22_069.jpg,0,1,0,16.22542
/home/prombo/car/CarND-Behavioral-Cloning-P3/collected_data/onto_bridge/IMG/center_2018_11_08_00_01_22_161.jpg,/home/prombo/car/CarND-Behavioral-Cloning-P3/collected_data/onto_bridge/IMG/left_2018_11_08_00_01_22_161.jpg,/home/prombo/car/CarND-Behavioral-Cloning-P3/collected_data/onto_bridge/IMG/right_2018_11_08_00_01_22_161.jpg,0,1,0,17.08566
/home/prombo/car/CarND-Behavioral-Cloning-P3/collected_data/onto_bridge/IMG/center_2018_11_08_00_01_22_254.jpg,/home/prombo/car/CarND-Behavioral-Cloning-P3/collected_data/onto_bridge/IMG/left_2018_11_08_00_01_22_254.jpg,/home/prombo/car/CarND-Behavioral-Cloning-P3/collected_data/onto_bridge/IMG/right_2018_11_08_00_01_22_254.jpg,0,1,0,18.3262
/home/prombo/car/CarND-Behavioral-Cloning-P3/collected_data/onto_bridge/IMG/center_2018_11_08_00_01_22_341.jpg,/home/prombo/car/CarND-Behavioral-Cloning-P3/collected_data/onto_bridge/IMG/left_2018_11_08_00_01_22_341.jpg,/home/prombo/car/CarND-Behavioral-Cloning-P3/collected_data/onto_bridge/IMG/right_2018_11_08_00_01_22_341.jpg,0,1,0,19.13491
/home/prombo/car/CarND-Behavioral-Cloning-P3/collected_data/onto_bridge/IMG/center_2018_11_08_00_01_22_438.jpg,/home/prombo/car/CarND-Behavioral-Cloning-P3/collected_data/onto_bridge/IMG/left_2018_11_08_00_01_22_438.jpg,/home/prombo/car/CarND-Behavioral-Cloning-P3/collected_data/onto_bridge/IMG/right_2018_11_08_00_01_22_438.jpg,0,1,0,20.02613
/home/prombo/car/CarND-Behavioral-Cloning-P3/collected_data/onto_bridge/IMG/center_2018_11_08_00_01_22_529.jpg,/home/prombo/car/CarND-Behavioral-Cloning-P3/collected_data/onto_bridge/IMG/left_2018_11_08_00_01_22_529.jpg,/home/prombo/car/CarND-Behavioral-Cloning-P3/collected_data/onto_bridge/IMG/right_2018_11_08_00_01_22_529.jpg,0,1,0,21.12828
/home/prombo/car/CarND-Behavioral-Cloning-P3/collected_data/onto_bridge/IMG/center_2018_11_08_00_01_22_616.jpg,/home/prombo/car/CarND-Behavioral-Cloning-P3/collected_data/onto_bridge/IMG/left_2018_11_08_00_01_22_616.jpg,/home/prombo/car/CarND-Behavioral-Cloning-P3/collected_data/onto_bridge/IMG/right_2018_11_08_00_01_22_616.jpg,0,1,0,21.91395
/home/prombo/car/CarND-Behavioral-Cloning-P3/collected_data/onto_bridge/IMG/center_2018_11_08_00_01_22_712.jpg,/home/prombo/car/CarND-Behavioral-Cloning-P3/collected_data/onto_bridge/IMG/left_2018_11_08_00_01_22_712.jpg,/home/prombo/car/CarND-Behavioral-Cloning-P3/collected_data/onto_bridge/IMG/right_2018_11_08_00_01_22_712.jpg,-0.01764706,1,0,22.86744
/home/prombo/car/CarND-Behavioral-Cloning-P3/collected_data/onto_bridge/IMG/center_2018_11_08_00_01_22_804.jpg,/home/prombo/car/CarND-Behavioral-Cloning-P3/collected_data/onto_bridge/IMG/left_2018_11_08_00_01_22_804.jpg,/home/prombo/car/CarND-Behavioral-Cloning-P3/collected_data/onto_bridge/IMG/right_2018_11_08_00_01_22_804.jpg,-0.02352941,1,0,23.65726
/home/prombo/car/CarND-Behavioral-Cloning-P3/collected_data/onto_bridge/IMG/center_2018_11_08_00_01_22_896.jpg,/home/prombo/car/CarND-Behavioral-Cloning-P3/collected_data/onto_bridge/IMG/left_2018_11_08_00_01_22_896.jpg,/home/prombo/car/CarND-Behavioral-Cloning-P3/collected_data/onto_bridge/IMG/right_2018_11_08_00_01_22_896.jpg,-0.02941176,1,0,24.63264
/home/prombo/car/CarND-Behavioral-Cloning-P3/collected_data/onto_bridge/IMG/center_2018_11_08_00_01_22_994.jpg,/home/prombo/car/CarND-Behavioral-Cloning-P3/collected_data/onto_bridge/IMG/left_2018_11_08_00_01_22_994.jpg,/home/prombo/car/CarND-Behavioral-Cloning-P3/collected_data/onto_bridge/IMG/right_2018_11_08_00_01_22_994.jpg,-0.04705882,1,0,25.59109
/home/prombo/car/CarND-Behavioral-Cloning-P3/collected_data/onto_bridge/IMG/center_2018_11_08_00_01_23_090.jpg,/home/prombo/car/CarND-Behavioral-Cloning-P3/collected_data/onto_bridge/IMG/left_2018_11_08_00_01_23_090.jpg,/home/prombo/car/CarND-Behavioral-Cloning-P3/collected_data/onto_bridge/IMG/right_2018_11_08_00_01_23_090.jpg,-0.06470589,1,0,26.54014
/home/prombo/car/CarND-Behavioral-Cloning-P3/collected_data/onto_bridge/IMG/center_2018_11_08_00_01_23_180.jpg,/home/prombo/car/CarND-Behavioral-Cloning-P3/collected_data/onto_bridge/IMG/left_2018_11_08_00_01_23_180.jpg,/home/prombo/car/CarND-Behavioral-Cloning-P3/collected_data/onto_bridge/IMG/right_2018_11_08_00_01_23_180.jpg,-0.09411765,1,0,27.29089
/home/prombo/car/CarND-Behavioral-Cloning-P3/collected_data/onto_bridge/IMG/center_2018_11_08_00_01_23_276.jpg,/home/prombo/car/CarND-Behavioral-Cloning-P3/collected_data/onto_bridge/IMG/left_2018_11_08_00_01_23_276.jpg,/home/prombo/car/CarND-Behavioral-Cloning-P3/collected_data/onto_bridge/IMG/right_2018_11_08_00_01_23_276.jpg,-0.09411765,1,0,28.22179
/home/prombo/car/CarND-Behavioral-Cloning-P3/collected_data/onto_bridge/IMG/center_2018_11_08_00_01_23_371.jpg,/home/prombo/car/CarND-Behavioral-Cloning-P3/collected_data/onto_bridge/IMG/left_2018_11_08_00_01_23_371.jpg,/home/prombo/car/CarND-Behavioral-Cloning-P3/collected_data/onto_bridge/IMG/right_2018_11_08_00_01_23_371.jpg,0,1,0,29.14467
/home/prombo/car/CarND-Behavioral-Cloning-P3/collected_data/onto_bridge/IMG/center_2018_11_08_00_01_23_466.jpg,/home/prombo/car/CarND-Behavioral-Cloning-P3/collected_data/onto_bridge/IMG/left_2018_11_08_00_01_23_466.jpg,/home/prombo/car/CarND-Behavioral-Cloning-P3/collected_data/onto_bridge/IMG/right_2018_11_08_00_01_23_466.jpg,0,1,0,29.87726
/home/prombo/car/CarND-Behavioral-Cloning-P3/collected_data/onto_bridge/IMG/center_2018_11_08_00_01_23_560.jpg,/home/prombo/car/CarND-Behavioral-Cloning-P3/collected_data/onto_bridge/IMG/left_2018_11_08_00_01_23_560.jpg,/home/prombo/car/CarND-Behavioral-Cloning-P3/collected_data/onto_bridge/IMG/right_2018_11_08_00_01_23_560.jpg,0,1,0,30.19046
/home/prombo/car/CarND-Behavioral-Cloning-P3/collected_data/onto_bridge/IMG/center_2018_11_08_00_01_23_656.jpg,/home/prombo/car/CarND-Behavioral-Cloning-P3/collected_data/onto_bridge/IMG/left_2018_11_08_00_01_23_656.jpg,/home/prombo/car/CarND-Behavioral-Cloning-P3/collected_data/onto_bridge/IMG/right_2018_11_08_00_01_23_656.jpg,0,1,0,30.19026
/home/prombo/car/CarND-Behavioral-Cloning-P3/collected_data/onto_bridge/IMG/center_2018_11_08_00_01_23_756.jpg,/home/prombo/car/CarND-Behavioral-Cloning-P3/collected_data/onto_bridge/IMG/left_2018_11_08_00_01_23_756.jpg,/home/prombo/car/CarND-Behavioral-Cloning-P3/collected_data/onto_bridge/IMG/right_2018_11_08_00_01_23_756.jpg,0,1,0,30.28364
/home/prombo/car/CarND-Behavioral-Cloning-P3/collected_data/onto_bridge/IMG/center_2018_11_08_00_01_23_850.jpg,/home/prombo/car/CarND-Behavioral-Cloning-P3/collected_data/onto_bridge/IMG/left_2018_11_08_00_01_23_850.jpg,/home/prombo/car/CarND-Behavioral-Cloning-P3/collected_data/onto_bridge/IMG/right_2018_11_08_00_01_23_850.jpg,0,1,0,30.17488
/home/prombo/car/CarND-Behavioral-Cloning-P3/collected_data/onto_bridge/IMG/center_2018_11_08_00_01_23_946.jpg,/home/prombo/car/CarND-Behavioral-Cloning-P3/collected_data/onto_bridge/IMG/left_2018_11_08_00_01_23_946.jpg,/home/prombo/car/CarND-Behavioral-Cloning-P3/collected_data/onto_bridge/IMG/right_2018_11_08_00_01_23_946.jpg,0,1,0,30.14103
/home/prombo/car/CarND-Behavioral-Cloning-P3/collected_data/onto_bridge/IMG/center_2018_11_08_00_01_24_044.jpg,/home/prombo/car/CarND-Behavioral-Cloning-P3/collected_data/onto_bridge/IMG/left_2018_11_08_00_01_24_044.jpg,/home/prombo/car/CarND-Behavioral-Cloning-P3/collected_data/onto_bridge/IMG/right_2018_11_08_00_01_24_044.jpg,0,1,0,30.17722
/home/prombo/car/CarND-Behavioral-Cloning-P3/collected_data/onto_bridge/IMG/center_2018_11_08_00_01_24_151.jpg,/home/prombo/car/CarND-Behavioral-Cloning-P3/collected_data/onto_bridge/IMG/left_2018_11_08_00_01_24_151.jpg,/home/prombo/car/CarND-Behavioral-Cloning-P3/collected_data/onto_bridge/IMG/right_2018_11_08_00_01_24_151.jpg,0,1,0,30.18901
/home/prombo/car/CarND-Behavioral-Cloning-P3/collected_data/onto_bridge/IMG/center_2018_11_08_00_01_24_251.jpg,/home/prombo/car/CarND-Behavioral-Cloning-P3/collected_data/onto_bridge/IMG/left_2018_11_08_00_01_24_251.jpg,/home/prombo/car/CarND-Behavioral-Cloning-P3/collected_data/onto_bridge/IMG/right_2018_11_08_00_01_24_251.jpg,0,0.6997213,0,30.11936
/home/prombo/car/CarND-Behavioral-Cloning-P3/collected_data/onto_bridge/IMG/center_2018_11_08_00_01_24_356.jpg,/home/prombo/car/CarND-Behavioral-Cloning-P3/collected_data/onto_bridge/IMG/left_2018_11_08_00_01_24_356.jpg,/home/prombo/car/CarND-Behavioral-Cloning-P3/collected_data/onto_bridge/IMG/right_2018_11_08_00_01_24_356.jpg,0,0.385453,0,30.04135
/home/prombo/car/CarND-Behavioral-Cloning-P3/collected_data/onto_bridge/IMG/center_2018_11_08_00_01_24_463.jpg,/home/prombo/car/CarND-Behavioral-Cloning-P3/collected_data/onto_bridge/IMG/left_2018_11_08_00_01_24_463.jpg,/home/prombo/car/CarND-Behavioral-Cloning-P3/collected_data/onto_bridge/IMG/right_2018_11_08_00_01_24_463.jpg,0,0.06473231,0,29.8823
/home/prombo/car/CarND-Behavioral-Cloning-P3/collected_data/onto_bridge/IMG/center_2018_11_08_00_01_24_569.jpg,/home/prombo/car/CarND-Behavioral-Cloning-P3/collected_data/onto_bridge/IMG/left_2018_11_08_00_01_24_569.jpg,/home/prombo/car/CarND-Behavioral-Cloning-P3/collected_data/onto_bridge/IMG/right_2018_11_08_00_01_24_569.jpg,0,0,0.1572454,28.93454
/home/prombo/car/CarND-Behavioral-Cloning-P3/collected_data/onto_bridge/IMG/center_2018_11_08_00_01_24_721.jpg,/home/prombo/car/CarND-Behavioral-Cloning-P3/collected_data/onto_bridge/IMG/left_2018_11_08_00_01_24_721.jpg,/home/prombo/car/CarND-Behavioral-Cloning-P3/collected_data/onto_bridge/IMG/right_2018_11_08_00_01_24_721.jpg,0,0,0.5215023,26.81035
/home/prombo/car/CarND-Behavioral-Cloning-P3/collected_data/onto_bridge/IMG/center_2018_11_08_00_01_24_849.jpg,/home/prombo/car/CarND-Behavioral-Cloning-P3/collected_data/onto_bridge/IMG/left_2018_11_08_00_01_24_849.jpg,/home/prombo/car/CarND-Behavioral-Cloning-P3/collected_data/onto_bridge/IMG/right_2018_11_08_00_01_24_849.jpg,0,0,0.5219007,24.72326
/home/prombo/car/CarND-Behavioral-Cloning-P3/collected_data/onto_bridge/IMG/center_2018_11_08_00_01_24_957.jpg,/home/prombo/car/CarND-Behavioral-Cloning-P3/collected_data/onto_bridge/IMG/left_2018_11_08_00_01_24_957.jpg,/home/prombo/car/CarND-Behavioral-Cloning-P3/collected_data/onto_bridge/IMG/right_2018_11_08_00_01_24_957.jpg,0,0,0.1753256,22.67315
/home/prombo/car/CarND-Behavioral-Cloning-P3/collected_data/onto_bridge/IMG/center_2018_11_08_00_01_25_127.jpg,/home/prombo/car/CarND-Behavioral-Cloning-P3/collected_data/onto_bridge/IMG/left_2018_11_08_00_01_25_127.jpg,/home/prombo/car/CarND-Behavioral-Cloning-P3/collected_data/onto_bridge/IMG/right_2018_11_08_00_01_25_127.jpg,0,0,0,20.87469
/home/prombo/car/CarND-Behavioral-Cloning-P3/collected_data/onto_bridge/IMG/center_2018_11_08_00_01_43_587.jpg,/home/prombo/car/CarND-Behavioral-Cloning-P3/collected_data/onto_bridge/IMG/left_2018_11_08_00_01_43_587.jpg,/home/prombo/car/CarND-Behavioral-Cloning-P3/collected_data/onto_bridge/IMG/right_2018_11_08_00_01_43_587.jpg,0,0,0,0.3327348
/home/prombo/car/CarND-Behavioral-Cloning-P3/collected_data/onto_bridge/IMG/center_2018_11_08_00_01_43_683.jpg,/home/prombo/car/CarND-Behavioral-Cloning-P3/collected_data/onto_bridge/IMG/left_2018_11_08_00_01_43_683.jpg,/home/prombo/car/CarND-Behavioral-Cloning-P3/collected_data/onto_bridge/IMG/right_2018_11_08_00_01_43_683.jpg,0,0,0,0.3280806
/home/prombo/car/CarND-Behavioral-Cloning-P3/collected_data/onto_bridge/IMG/center_2018_11_08_00_01_43_777.jpg,/home/prombo/car/CarND-Behavioral-Cloning-P3/collected_data/onto_bridge/IMG/left_2018_11_08_00_01_43_777.jpg,/home/prombo/car/CarND-Behavioral-Cloning-P3/collected_data/onto_bridge/IMG/right_2018_11_08_00_01_43_777.jpg,0,0,0,0.3234759
/home/prombo/car/CarND-Behavioral-Cloning-P3/collected_data/onto_bridge/IMG/center_2018_11_08_00_01_43_902.jpg,/home/prombo/car/CarND-Behavioral-Cloning-P3/collected_data/onto_bridge/IMG/left_2018_11_08_00_01_43_902.jpg,/home/prombo/car/CarND-Behavioral-Cloning-P3/collected_data/onto_bridge/IMG/right_2018_11_08_00_01_43_902.jpg,0,0.3014488,0,0.07481192
/home/prombo/car/CarND-Behavioral-Cloning-P3/collected_data/onto_bridge/IMG/center_2018_11_08_00_01_43_999.jpg,/home/prombo/car/CarND-Behavioral-Cloning-P3/collected_data/onto_bridge/IMG/left_2018_11_08_00_01_43_999.jpg,/home/prombo/car/CarND-Behavioral-Cloning-P3/collected_data/onto_bridge/IMG/right_2018_11_08_00_01_43_999.jpg,0,0.5936129,0,0.5242246
/home/prombo/car/CarND-Behavioral-Cloning-P3/collected_data/onto_bridge/IMG/center_2018_11_08_00_01_44_095.jpg,/home/prombo/car/CarND-Behavioral-Cloning-P3/collected_data/onto_bridge/IMG/left_2018_11_08_00_01_44_095.jpg,/home/prombo/car/CarND-Behavioral-Cloning-P3/collected_data/onto_bridge/IMG/right_2018_11_08_00_01_44_095.jpg,0,0.8729732,0,1.245987
/home/prombo/car/CarND-Behavioral-Cloning-P3/collected_data/onto_bridge/IMG/center_2018_11_08_00_01_44_163.jpg,/home/prombo/car/CarND-Behavioral-Cloning-P3/collected_data/onto_bridge/IMG/left_2018_11_08_00_01_44_163.jpg,/home/prombo/car/CarND-Behavioral-Cloning-P3/collected_data/onto_bridge/IMG/right_2018_11_08_00_01_44_163.jpg,-0.04705882,1,0,2.321418
/home/prombo/car/CarND-Behavioral-Cloning-P3/collected_data/onto_bridge/IMG/center_2018_11_08_00_01_44_256.jpg,/home/prombo/car/CarND-Behavioral-Cloning-P3/collected_data/onto_bridge/IMG/left_2018_11_08_00_01_44_256.jpg,/home/prombo/car/CarND-Behavioral-Cloning-P3/collected_data/onto_bridge/IMG/right_2018_11_08_00_01_44_256.jpg,-0.1,1,0,3.488408
/home/prombo/car/CarND-Behavioral-Cloning-P3/collected_data/onto_bridge/IMG/center_2018_11_08_00_01_44_351.jpg,/home/prombo/car/CarND-Behavioral-Cloning-P3/collected_data/onto_bridge/IMG/left_2018_11_08_00_01_44_351.jpg,/home/prombo/car/CarND-Behavioral-Cloning-P3/collected_data/onto_bridge/IMG/right_2018_11_08_00_01_44_351.jpg,-0.1411765,1,0,4.661001
/home/prombo/car/CarND-Behavioral-Cloning-P3/collected_data/onto_bridge/IMG/center_2018_11_08_00_01_44_443.jpg,/home/prombo/car/CarND-Behavioral-Cloning-P3/collected_data/onto_bridge/IMG/left_2018_11_08_00_01_44_443.jpg,/home/prombo/car/CarND-Behavioral-Cloning-P3/collected_data/onto_bridge/IMG/right_2018_11_08_00_01_44_443.jpg,-0.1647059,1,0,5.590408
/home/prombo/car/CarND-Behavioral-Cloning-P3/collected_data/onto_bridge/IMG/center_2018_11_08_00_01_44_540.jpg,/home/prombo/car/CarND-Behavioral-Cloning-P3/collected_data/onto_bridge/IMG/left_2018_11_08_00_01_44_540.jpg,/home/prombo/car/CarND-Behavioral-Cloning-P3/collected_data/onto_bridge/IMG/right_2018_11_08_00_01_44_540.jpg,-0.2058824,1,0,6.74072
/home/prombo/car/CarND-Behavioral-Cloning-P3/collected_data/onto_bridge/IMG/center_2018_11_08_00_01_44_632.jpg,/home/prombo/car/CarND-Behavioral-Cloning-P3/collected_data/onto_bridge/IMG/left_2018_11_08_00_01_44_632.jpg,/home/prombo/car/CarND-Behavioral-Cloning-P3/collected_data/onto_bridge/IMG/right_2018_11_08_00_01_44_632.jpg,-0.2294118,0.7237868,0,7.632331
/home/prombo/car/CarND-Behavioral-Cloning-P3/collected_data/onto_bridge/IMG/center_2018_11_08_00_01_44_725.jpg,/home/prombo/car/CarND-Behavioral-Cloning-P3/collected_data/onto_bridge/IMG/left_2018_11_08_00_01_44_725.jpg,/home/prombo/car/CarND-Behavioral-Cloning-P3/collected_data/onto_bridge/IMG/right_2018_11_08_00_01_44_725.jpg,-0.2294118,0.442162,0,8.090927
/home/prombo/car/CarND-Behavioral-Cloning-P3/collected_data/onto_bridge/IMG/center_2018_11_08_00_01_44_824.jpg,/home/prombo/car/CarND-Behavioral-Cloning-P3/collected_data/onto_bridge/IMG/left_2018_11_08_00_01_44_824.jpg,/home/prombo/car/CarND-Behavioral-Cloning-P3/collected_data/onto_bridge/IMG/right_2018_11_08_00_01_44_824.jpg,-0.2470588,0.1450269,0,8.320831
/home/prombo/car/CarND-Behavioral-Cloning-P3/collected_data/onto_bridge/IMG/center_2018_11_08_00_01_44_916.jpg,/home/prombo/car/CarND-Behavioral-Cloning-P3/collected_data/onto_bridge/IMG/left_2018_11_08_00_01_44_916.jpg,/home/prombo/car/CarND-Behavioral-Cloning-P3/collected_data/onto_bridge/IMG/right_2018_11_08_00_01_44_916.jpg,-0.2470588,0,0,8.257442
/home/prombo/car/CarND-Behavioral-Cloning-P3/collected_data/onto_bridge/IMG/center_2018_11_08_00_01_45_006.jpg,/home/prombo/car/CarND-Behavioral-Cloning-P3/collected_data/onto_bridge/IMG/left_2018_11_08_00_01_45_006.jpg,/home/prombo/car/CarND-Behavioral-Cloning-P3/collected_data/onto_bridge/IMG/right_2018_11_08_00_01_45_006.jpg,-0.2470588,0,0,8.193871
/home/prombo/car/CarND-Behavioral-Cloning-P3/collected_data/onto_bridge/IMG/center_2018_11_08_00_01_45_105.jpg,/home/prombo/car/CarND-Behavioral-Cloning-P3/collected_data/onto_bridge/IMG/left_2018_11_08_00_01_45_105.jpg,/home/prombo/car/CarND-Behavioral-Cloning-P3/collected_data/onto_bridge/IMG/right_2018_11_08_00_01_45_105.jpg,-0.2470588,0,0,8.115583
/home/prombo/car/CarND-Behavioral-Cloning-P3/collected_data/onto_bridge/IMG/center_2018_11_08_00_01_45_206.jpg,/home/prombo/car/CarND-Behavioral-Cloning-P3/collected_data/onto_bridge/IMG/left_2018_11_08_00_01_45_206.jpg,/home/prombo/car/CarND-Behavioral-Cloning-P3/collected_data/onto_bridge/IMG/right_2018_11_08_00_01_45_206.jpg,-0.2470588,0,0,8.038527
/home/prombo/car/CarND-Behavioral-Cloning-P3/collected_data/onto_bridge/IMG/center_2018_11_08_00_01_45_298.jpg,/home/prombo/car/CarND-Behavioral-Cloning-P3/collected_data/onto_bridge/IMG/left_2018_11_08_00_01_45_298.jpg,/home/prombo/car/CarND-Behavioral-Cloning-P3/collected_data/onto_bridge/IMG/right_2018_11_08_00_01_45_298.jpg,-0.2470588,0,0,7.961245
/home/prombo/car/CarND-Behavioral-Cloning-P3/collected_data/onto_bridge/IMG/center_2018_11_08_00_01_45_402.jpg,/home/prombo/car/CarND-Behavioral-Cloning-P3/collected_data/onto_bridge/IMG/left_2018_11_08_00_01_45_402.jpg,/home/prombo/car/CarND-Behavioral-Cloning-P3/collected_data/onto_bridge/IMG/right_2018_11_08_00_01_45_402.jpg,-0.2470588,0,0,7.884411
/home/prombo/car/CarND-Behavioral-Cloning-P3/collected_data/onto_bridge/IMG/center_2018_11_08_00_01_45_508.jpg,/home/prombo/car/CarND-Behavioral-Cloning-P3/collected_data/onto_bridge/IMG/left_2018_11_08_00_01_45_508.jpg,/home/prombo/car/CarND-Behavioral-Cloning-P3/collected_data/onto_bridge/IMG/right_2018_11_08_00_01_45_508.jpg,-0.2470588,0,0,7.808689
/home/prombo/car/CarND-Behavioral-Cloning-P3/collected_data/onto_bridge/IMG/center_2018_11_08_00_01_45_611.jpg,/home/prombo/car/CarND-Behavioral-Cloning-P3/collected_data/onto_bridge/IMG/left_2018_11_08_00_01_45_611.jpg,/home/prombo/car/CarND-Behavioral-Cloning-P3/collected_data/onto_bridge/IMG/right_2018_11_08_00_01_45_611.jpg,-0.2470588,0,0,7.719174
/home/prombo/car/CarND-Behavioral-Cloning-P3/collected_data/onto_bridge/IMG/center_2018_11_08_00_01_45_714.jpg,/home/prombo/car/CarND-Behavioral-Cloning-P3/collected_data/onto_bridge/IMG/left_2018_11_08_00_01_45_714.jpg,/home/prombo/car/CarND-Behavioral-Cloning-P3/collected_data/onto_bridge/IMG/right_2018_11_08_00_01_45_714.jpg,-0.2470588,0,0,7.645668
/home/prombo/car/CarND-Behavioral-Cloning-P3/collected_data/onto_bridge/IMG/center_2018_11_08_00_01_45_816.jpg,/home/prombo/car/CarND-Behavioral-Cloning-P3/collected_data/onto_bridge/IMG/left_2018_11_08_00_01_45_816.jpg,/home/prombo/car/CarND-Behavioral-Cloning-P3/collected_data/onto_bridge/IMG/right_2018_11_08_00_01_45_816.jpg,0,0,0,7.561602
/home/prombo/car/CarND-Behavioral-Cloning-P3/collected_data/onto_bridge/IMG/center_2018_11_08_00_01_45_950.jpg,/home/prombo/car/CarND-Behavioral-Cloning-P3/collected_data/onto_bridge/IMG/left_2018_11_08_00_01_45_950.jpg,/home/prombo/car/CarND-Behavioral-Cloning-P3/collected_data/onto_bridge/IMG/right_2018_11_08_00_01_45_950.jpg,0,0,0,7.458305
/home/prombo/car/CarND-Behavioral-Cloning-P3/collected_data/onto_bridge/IMG/center_2018_11_08_00_01_46_077.jpg,/home/prombo/car/CarND-Behavioral-Cloning-P3/collected_data/onto_bridge/IMG/left_2018_11_08_00_01_46_077.jpg,/home/prombo/car/CarND-Behavioral-Cloning-P3/collected_data/onto_bridge/IMG/right_2018_11_08_00_01_46_077.jpg,0,0,0,7.372363
/home/prombo/car/CarND-Behavioral-Cloning-P3/collected_data/onto_bridge/IMG/center_2018_11_08_00_01_46_208.jpg,/home/prombo/car/CarND-Behavioral-Cloning-P3/collected_data/onto_bridge/IMG/left_2018_11_08_00_01_46_208.jpg,/home/prombo/car/CarND-Behavioral-Cloning-P3/collected_data/onto_bridge/IMG/right_2018_11_08_00_01_46_208.jpg,0,0,0,7.287496
/home/prombo/car/CarND-Behavioral-Cloning-P3/collected_data/onto_bridge/IMG/center_2018_11_08_00_01_46_311.jpg,/home/prombo/car/CarND-Behavioral-Cloning-P3/collected_data/onto_bridge/IMG/left_2018_11_08_00_01_46_311.jpg,/home/prombo/car/CarND-Behavioral-Cloning-P3/collected_data/onto_bridge/IMG/right_2018_11_08_00_01_46_311.jpg,0,0,0,7.203653
/home/prombo/car/CarND-Behavioral-Cloning-P3/collected_data/onto_bridge/IMG/center_2018_11_08_00_01_46_416.jpg,/home/prombo/car/CarND-Behavioral-Cloning-P3/collected_data/onto_bridge/IMG/left_2018_11_08_00_01_46_416.jpg,/home/prombo/car/CarND-Behavioral-Cloning-P3/collected_data/onto_bridge/IMG/right_2018_11_08_00_01_46_416.jpg,0,0,0,7.134557
/home/prombo/car/CarND-Behavioral-Cloning-P3/collected_data/onto_bridge/IMG/center_2018_11_08_00_01_46_538.jpg,/home/prombo/car/CarND-Behavioral-Cloning-P3/collected_data/onto_bridge/IMG/left_2018_11_08_00_01_46_538.jpg,/home/prombo/car/CarND-Behavioral-Cloning-P3/collected_data/onto_bridge/IMG/right_2018_11_08_00_01_46_538.jpg,0,0,0,7.052556
/home/prombo/car/CarND-Behavioral-Cloning-P3/collected_data/onto_bridge/IMG/center_2018_11_08_00_01_46_653.jpg,/home/prombo/car/CarND-Behavioral-Cloning-P3/collected_data/onto_bridge/IMG/left_2018_11_08_00_01_46_653.jpg,/home/prombo/car/CarND-Behavioral-Cloning-P3/collected_data/onto_bridge/IMG/right_2018_11_08_00_01_46_653.jpg,0,0,0,6.971544
/home/prombo/car/CarND-Behavioral-Cloning-P3/collected_data/onto_bridge/IMG/center_2018_11_08_00_01_46_763.jpg,/home/prombo/car/CarND-Behavioral-Cloning-P3/collected_data/onto_bridge/IMG/left_2018_11_08_00_01_46_763.jpg,/home/prombo/car/CarND-Behavioral-Cloning-P3/collected_data/onto_bridge/IMG/right_2018_11_08_00_01_46_763.jpg,0,0,0,6.904777
/home/prombo/car/CarND-Behavioral-Cloning-P3/collected_data/onto_bridge/IMG/center_2018_11_08_00_01_46_867.jpg,/home/prombo/car/CarND-Behavioral-Cloning-P3/collected_data/onto_bridge/IMG/left_2018_11_08_00_01_46_867.jpg,/home/prombo/car/CarND-Behavioral-Cloning-P3/collected_data/onto_bridge/IMG/right_2018_11_08_00_01_46_867.jpg,0,0,0,6.838682
/home/prombo/car/CarND-Behavioral-Cloning-P3/collected_data/onto_bridge/IMG/center_2018_11_08_00_01_46_969.jpg,/home/prombo/car/CarND-Behavioral-Cloning-P3/collected_data/onto_bridge/IMG/left_2018_11_08_00_01_46_969.jpg,/home/prombo/car/CarND-Behavioral-Cloning-P3/collected_data/onto_bridge/IMG/right_2018_11_08_00_01_46_969.jpg,0,0,0,6.760243
/home/prombo/car/CarND-Behavioral-Cloning-P3/collected_data/onto_bridge/IMG/center_2018_11_08_00_01_47_073.jpg,/home/prombo/car/CarND-Behavioral-Cloning-P3/collected_data/onto_bridge/IMG/left_2018_11_08_00_01_47_073.jpg,/home/prombo/car/CarND-Behavioral-Cloning-P3/collected_data/onto_bridge/IMG/right_2018_11_08_00_01_47_073.jpg,0,0,0,6.6956
/home/prombo/car/CarND-Behavioral-Cloning-P3/collected_data/onto_bridge/IMG/center_2018_11_08_00_01_47_177.jpg,/home/prombo/car/CarND-Behavioral-Cloning-P3/collected_data/onto_bridge/IMG/left_2018_11_08_00_01_47_177.jpg,/home/prombo/car/CarND-Behavioral-Cloning-P3/collected_data/onto_bridge/IMG/right_2018_11_08_00_01_47_177.jpg,0,0,0,6.631607
/home/prombo/car/CarND-Behavioral-Cloning-P3/collected_data/onto_bridge/IMG/center_2018_11_08_00_01_47_279.jpg,/home/prombo/car/CarND-Behavioral-Cloning-P3/collected_data/onto_bridge/IMG/left_2018_11_08_00_01_47_279.jpg,/home/prombo/car/CarND-Behavioral-Cloning-P3/collected_data/onto_bridge/IMG/right_2018_11_08_00_01_47_279.jpg,0,0,0,6.568256
/home/prombo/car/CarND-Behavioral-Cloning-P3/collected_data/onto_bridge/IMG/center_2018_11_08_00_01_47_396.jpg,/home/prombo/car/CarND-Behavioral-Cloning-P3/collected_data/onto_bridge/IMG/left_2018_11_08_00_01_47_396.jpg,/home/prombo/car/CarND-Behavioral-Cloning-P3/collected_data/onto_bridge/IMG/right_2018_11_08_00_01_47_396.jpg,0,0,0,6.491251
/home/prombo/car/CarND-Behavioral-Cloning-P3/collected_data/onto_bridge/IMG/center_2018_11_08_00_01_47_506.jpg,/home/prombo/car/CarND-Behavioral-Cloning-P3/collected_data/onto_bridge/IMG/left_2018_11_08_00_01_47_506.jpg,/home/prombo/car/CarND-Behavioral-Cloning-P3/collected_data/onto_bridge/IMG/right_2018_11_08_00_01_47_506.jpg,0,0,0,6.428809
/home/prombo/car/CarND-Behavioral-Cloning-P3/collected_data/onto_bridge/IMG/center_2018_11_08_00_01_47_613.jpg,/home/prombo/car/CarND-Behavioral-Cloning-P3/collected_data/onto_bridge/IMG/left_2018_11_08_00_01_47_613.jpg,/home/prombo/car/CarND-Behavioral-Cloning-P3/collected_data/onto_bridge/IMG/right_2018_11_08_00_01_47_613.jpg,0,0,0,6.352182
/home/prombo/car/CarND-Behavioral-Cloning-P3/collected_data/onto_bridge/IMG/center_2018_11_08_00_01_47_722.jpg,/home/prombo/car/CarND-Behavioral-Cloning-P3/collected_data/onto_bridge/IMG/left_2018_11_08_00_01_47_722.jpg,/home/prombo/car/CarND-Behavioral-Cloning-P3/collected_data/onto_bridge/IMG/right_2018_11_08_00_01_47_722.jpg,0,0,0,6.287726
/home/prombo/car/CarND-Behavioral-Cloning-P3/collected_data/onto_bridge/IMG/center_2018_11_08_00_01_47_826.jpg,/home/prombo/car/CarND-Behavioral-Cloning-P3/collected_data/onto_bridge/IMG/left_2018_11_08_00_01_47_826.jpg,/home/prombo/car/CarND-Behavioral-Cloning-P3/collected_data/onto_bridge/IMG/right_2018_11_08_00_01_47_826.jpg,0,0,0,6.224767
/home/prombo/car/CarND-Behavioral-Cloning-P3/collected_data/onto_bridge/IMG/center_2018_11_08_00_01_47_927.jpg,/home/prombo/car/CarND-Behavioral-Cloning-P3/collected_data/onto_bridge/IMG/left_2018_11_08_00_01_47_927.jpg,/home/prombo/car/CarND-Behavioral-Cloning-P3/collected_data/onto_bridge/IMG/right_2018_11_08_00_01_47_927.jpg,0,0,0,6.162632
/home/prombo/car/CarND-Behavioral-Cloning-P3/collected_data/onto_bridge/IMG/center_2018_11_08_00_01_48_034.jpg,/home/prombo/car/CarND-Behavioral-Cloning-P3/collected_data/onto_bridge/IMG/left_2018_11_08_00_01_48_034.jpg,/home/prombo/car/CarND-Behavioral-Cloning-P3/collected_data/onto_bridge/IMG/right_2018_11_08_00_01_48_034.jpg,0,0,0,6.088941
/home/prombo/car/CarND-Behavioral-Cloning-P3/collected_data/onto_bridge/IMG/center_2018_11_08_00_01_48_139.jpg,/home/prombo/car/CarND-Behavioral-Cloning-P3/collected_data/onto_bridge/IMG/left_2018_11_08_00_01_48_139.jpg,/home/prombo/car/CarND-Behavioral-Cloning-P3/collected_data/onto_bridge/IMG/right_2018_11_08_00_01_48_139.jpg,0.01764706,0,0,6.028092
/home/prombo/car/CarND-Behavioral-Cloning-P3/collected_data/onto_bridge/IMG/center_2018_11_08_00_01_48_243.jpg,/home/prombo/car/CarND-Behavioral-Cloning-P3/collected_data/onto_bridge/IMG/left_2018_11_08_00_01_48_243.jpg,/home/prombo/car/CarND-Behavioral-Cloning-P3/collected_data/onto_bridge/IMG/right_2018_11_08_00_01_48_243.jpg,0,0,0,5.968002
/home/prombo/car/CarND-Behavioral-Cloning-P3/collected_data/onto_bridge/IMG/center_2018_11_08_00_01_48_349.jpg,/home/prombo/car/CarND-Behavioral-Cloning-P3/collected_data/onto_bridge/IMG/left_2018_11_08_00_01_48_349.jpg,/home/prombo/car/CarND-Behavioral-Cloning-P3/collected_data/onto_bridge/IMG/right_2018_11_08_00_01_48_349.jpg,0,0,0,5.896158
/home/prombo/car/CarND-Behavioral-Cloning-P3/collected_data/onto_bridge/IMG/center_2018_11_08_00_01_48_452.jpg,/home/prombo/car/CarND-Behavioral-Cloning-P3/collected_data/onto_bridge/IMG/left_2018_11_08_00_01_48_452.jpg,/home/prombo/car/CarND-Behavioral-Cloning-P3/collected_data/onto_bridge/IMG/right_2018_11_08_00_01_48_452.jpg,0,0,0,5.835977
/home/prombo/car/CarND-Behavioral-Cloning-P3/collected_data/onto_bridge/IMG/center_2018_11_08_00_01_48_554.jpg,/home/prombo/car/CarND-Behavioral-Cloning-P3/collected_data/onto_bridge/IMG/left_2018_11_08_00_01_48_554.jpg,/home/prombo/car/CarND-Behavioral-Cloning-P3/collected_data/onto_bridge/IMG/right_2018_11_08_00_01_48_554.jpg,0,0,0,5.777126
/home/prombo/car/CarND-Behavioral-Cloning-P3/collected_data/onto_bridge/IMG/center_2018_11_08_00_01_48_653.jpg,/home/prombo/car/CarND-Behavioral-Cloning-P3/collected_data/onto_bridge/IMG/left_2018_11_08_00_01_48_653.jpg,/home/prombo/car/CarND-Behavioral-Cloning-P3/collected_data/onto_bridge/IMG/right_2018_11_08_00_01_48_653.jpg,0,0,0,5.722257
/home/prombo/car/CarND-Behavioral-Cloning-P3/collected_data/onto_bridge/IMG/center_2018_11_08_00_01_48_753.jpg,/home/prombo/car/CarND-Behavioral-Cloning-P3/collected_data/onto_bridge/IMG/left_2018_11_08_00_01_48_753.jpg,/home/prombo/car/CarND-Behavioral-Cloning-P3/collected_data/onto_bridge/IMG/right_2018_11_08_00_01_48_753.jpg,0,0,0,5.658595
/home/prombo/car/CarND-Behavioral-Cloning-P3/collected_data/onto_bridge/IMG/center_2018_11_08_00_01_48_856.jpg,/home/prombo/car/CarND-Behavioral-Cloning-P3/collected_data/onto_bridge/IMG/left_2018_11_08_00_01_48_856.jpg,/home/prombo/car/CarND-Behavioral-Cloning-P3/collected_data/onto_bridge/IMG/right_2018_11_08_00_01_48_856.jpg,0,0.3103745,0,5.886891
/home/prombo/car/CarND-Behavioral-Cloning-P3/collected_data/onto_bridge/IMG/center_2018_11_08_00_01_48_960.jpg,/home/prombo/car/CarND-Behavioral-Cloning-P3/collected_data/onto_bridge/IMG/left_2018_11_08_00_01_48_960.jpg,/home/prombo/car/CarND-Behavioral-Cloning-P3/collected_data/onto_bridge/IMG/right_2018_11_08_00_01_48_960.jpg,0,0.6236286,0,6.456402
/home/prombo/car/CarND-Behavioral-Cloning-P3/collected_data/onto_bridge/IMG/center_2018_11_08_00_01_49_060.jpg,/home/prombo/car/CarND-Behavioral-Cloning-P3/collected_data/onto_bridge/IMG/left_2018_11_08_00_01_49_060.jpg,/home/prombo/car/CarND-Behavioral-Cloning-P3/collected_data/onto_bridge/IMG/right_2018_11_08_00_01_49_060.jpg,0,0.9231756,0,7.380684
/home/prombo/car/CarND-Behavioral-Cloning-P3/collected_data/onto_bridge/IMG/center_2018_11_08_00_01_49_170.jpg,/home/prombo/car/CarND-Behavioral-Cloning-P3/collected_data/onto_bridge/IMG/left_2018_11_08_00_01_49_170.jpg,/home/prombo/car/CarND-Behavioral-Cloning-P3/collected_data/onto_bridge/IMG/right_2018_11_08_00_01_49_170.jpg,0,1,0,8.73249
/home/prombo/car/CarND-Behavioral-Cloning-P3/collected_data/onto_bridge/IMG/center_2018_11_08_00_01_49_270.jpg,/home/prombo/car/CarND-Behavioral-Cloning-P3/collected_data/onto_bridge/IMG/left_2018_11_08_00_01_49_270.jpg,/home/prombo/car/CarND-Behavioral-Cloning-P3/collected_data/onto_bridge/IMG/right_2018_11_08_00_01_49_270.jpg,0,1,0,9.851348
/home/prombo/car/CarND-Behavioral-Cloning-P3/collected_data/onto_bridge/IMG/center_2018_11_08_00_01_49_375.jpg,/home/prombo/car/CarND-Behavioral-Cloning-P3/collected_data/onto_bridge/IMG/left_2018_11_08_00_01_49_375.jpg,/home/prombo/car/CarND-Behavioral-Cloning-P3/collected_data/onto_bridge/IMG/right_2018_11_08_00_01_49_375.jpg,0,0.8402591,0,10.85779
/home/prombo/car/CarND-Behavioral-Cloning-P3/collected_data/onto_bridge/IMG/center_2018_11_08_00_01_49_478.jpg,/home/prombo/car/CarND-Behavioral-Cloning-P3/collected_data/onto_bridge/IMG/left_2018_11_08_00_01_49_478.jpg,/home/prombo/car/CarND-Behavioral-Cloning-P3/collected_data/onto_bridge/IMG/right_2018_11_08_00_01_49_478.jpg,0,0.528439,0,11.32473
/home/prombo/car/CarND-Behavioral-Cloning-P3/collected_data/onto_bridge/IMG/center_2018_11_08_00_01_49_613.jpg,/home/prombo/car/CarND-Behavioral-Cloning-P3/collected_data/onto_bridge/IMG/left_2018_11_08_00_01_49_613.jpg,/home/prombo/car/CarND-Behavioral-Cloning-P3/collected_data/onto_bridge/IMG/right_2018_11_08_00_01_49_613.jpg,0,0.2124698,0,11.98495
/home/prombo/car/CarND-Behavioral-Cloning-P3/collected_data/onto_bridge/IMG/center_2018_11_08_00_01_49_719.jpg,/home/prombo/car/CarND-Behavioral-Cloning-P3/collected_data/onto_bridge/IMG/left_2018_11_08_00_01_49_719.jpg,/home/prombo/car/CarND-Behavioral-Cloning-P3/collected_data/onto_bridge/IMG/right_2018_11_08_00_01_49_719.jpg,0,0,0,11.74593
/home/prombo/car/CarND-Behavioral-Cloning-P3/collected_data/onto_bridge/IMG/center_2018_11_08_00_01_49_827.jpg,/home/prombo/car/CarND-Behavioral-Cloning-P3/collected_data/onto_bridge/IMG/left_2018_11_08_00_01_49_827.jpg,/home/prombo/car/CarND-Behavioral-Cloning-P3/collected_data/onto_bridge/IMG/right_2018_11_08_00_01_49_827.jpg,0,0,0,11.30708
/home/prombo/car/CarND-Behavioral-Cloning-P3/collected_data/onto_bridge/IMG/center_2018_11_08_00_01_49_937.jpg,/home/prombo/car/CarND-Behavioral-Cloning-P3/collected_data/onto_bridge/IMG/left_2018_11_08_00_01_49_937.jpg,/home/prombo/car/CarND-Behavioral-Cloning-P3/collected_data/onto_bridge/IMG/right_2018_11_08_00_01_49_937.jpg,0,0,0,11.70071
/home/prombo/car/CarND-Behavioral-Cloning-P3/collected_data/onto_bridge/IMG/center_2018_11_08_00_01_50_019.jpg,/home/prombo/car/CarND-Behavioral-Cloning-P3/collected_data/onto_bridge/IMG/left_2018_11_08_00_01_50_019.jpg,/home/prombo/car/CarND-Behavioral-Cloning-P3/collected_data/onto_bridge/IMG/right_2018_11_08_00_01_50_019.jpg,0,0,0,11.28512
/home/prombo/car/CarND-Behavioral-Cloning-P3/collected_data/onto_bridge/IMG/center_2018_11_08_00_01_50_135.jpg,/home/prombo/car/CarND-Behavioral-Cloning-P3/collected_data/onto_bridge/IMG/left_2018_11_08_00_01_50_135.jpg,/home/prombo/car/CarND-Behavioral-Cloning-P3/collected_data/onto_bridge/IMG/right_2018_11_08_00_01_50_135.jpg,0,0,0,11.20578
/home/prombo/car/CarND-Behavioral-Cloning-P3/collected_data/onto_bridge/IMG/center_2018_11_08_00_01_50_252.jpg,/home/prombo/car/CarND-Behavioral-Cloning-P3/collected_data/onto_bridge/IMG/left_2018_11_08_00_01_50_252.jpg,/home/prombo/car/CarND-Behavioral-Cloning-P3/collected_data/onto_bridge/IMG/right_2018_11_08_00_01_50_252.jpg,0,0,0,11.07074
/home/prombo/car/CarND-Behavioral-Cloning-P3/collected_data/onto_bridge/IMG/center_2018_11_08_00_01_50_367.jpg,/home/prombo/car/CarND-Behavioral-Cloning-P3/collected_data/onto_bridge/IMG/left_2018_11_08_00_01_50_367.jpg,/home/prombo/car/CarND-Behavioral-Cloning-P3/collected_data/onto_bridge/IMG/right_2018_11_08_00_01_50_367.jpg,0,0,0,10.95863
/home/prombo/car/CarND-Behavioral-Cloning-P3/collected_data/onto_bridge/IMG/center_2018_11_08_00_01_50_479.jpg,/home/prombo/car/CarND-Behavioral-Cloning-P3/collected_data/onto_bridge/IMG/left_2018_11_08_00_01_50_479.jpg,/home/prombo/car/CarND-Behavioral-Cloning-P3/collected_data/onto_bridge/IMG/right_2018_11_08_00_01_50_479.jpg,0,0,0,10.82558
/home/prombo/car/CarND-Behavioral-Cloning-P3/collected_data/onto_bridge/IMG/center_2018_11_08_00_01_50_587.jpg,/home/prombo/car/CarND-Behavioral-Cloning-P3/collected_data/onto_bridge/IMG/left_2018_11_08_00_01_50_587.jpg,/home/prombo/car/CarND-Behavioral-Cloning-P3/collected_data/onto_bridge/IMG/right_2018_11_08_00_01_50_587.jpg,0,0,0,10.71592
/home/prombo/car/CarND-Behavioral-Cloning-P3/collected_data/onto_bridge/IMG/center_2018_11_08_00_01_50_701.jpg,/home/prombo/car/CarND-Behavioral-Cloning-P3/collected_data/onto_bridge/IMG/left_2018_11_08_00_01_50_701.jpg,/home/prombo/car/CarND-Behavioral-Cloning-P3/collected_data/onto_bridge/IMG/right_2018_11_08_00_01_50_701.jpg,0,0,0,10.58578
/home/prombo/car/CarND-Behavioral-Cloning-P3/collected_data/onto_bridge/IMG/center_2018_11_08_00_01_50_816.jpg,/home/prombo/car/CarND-Behavioral-Cloning-P3/collected_data/onto_bridge/IMG/left_2018_11_08_00_01_50_816.jpg,/home/prombo/car/CarND-Behavioral-Cloning-P3/collected_data/onto_bridge/IMG/right_2018_11_08_00_01_50_816.jpg,0,0,0,10.45721
/home/prombo/car/CarND-Behavioral-Cloning-P3/collected_data/onto_bridge/IMG/center_2018_11_08_00_01_50_925.jpg,/home/prombo/car/CarND-Behavioral-Cloning-P3/collected_data/onto_bridge/IMG/left_2018_11_08_00_01_50_925.jpg,/home/prombo/car/CarND-Behavioral-Cloning-P3/collected_data/onto_bridge/IMG/right_2018_11_08_00_01_50_925.jpg,0,0,0,10.35125
/home/prombo/car/CarND-Behavioral-Cloning-P3/collected_data/onto_bridge/IMG/center_2018_11_08_00_01_51_037.jpg,/home/prombo/car/CarND-Behavioral-Cloning-P3/collected_data/onto_bridge/IMG/left_2018_11_08_00_01_51_037.jpg,/home/prombo/car/CarND-Behavioral-Cloning-P3/collected_data/onto_bridge/IMG/right_2018_11_08_00_01_51_037.jpg,0,0,0,10.22551
/home/prombo/car/CarND-Behavioral-Cloning-P3/collected_data/onto_bridge/IMG/center_2018_11_08_00_01_51_145.jpg,/home/prombo/car/CarND-Behavioral-Cloning-P3/collected_data/onto_bridge/IMG/left_2018_11_08_00_01_51_145.jpg,/home/prombo/car/CarND-Behavioral-Cloning-P3/collected_data/onto_bridge/IMG/right_2018_11_08_00_01_51_145.jpg,0,0,0,10.12187
/home/prombo/car/CarND-Behavioral-Cloning-P3/collected_data/onto_bridge/IMG/center_2018_11_08_00_01_51_253.jpg,/home/prombo/car/CarND-Behavioral-Cloning-P3/collected_data/onto_bridge/IMG/left_2018_11_08_00_01_51_253.jpg,/home/prombo/car/CarND-Behavioral-Cloning-P3/collected_data/onto_bridge/IMG/right_2018_11_08_00_01_51_253.jpg,0.02352941,0,0,9.998591
/home/prombo/car/CarND-Behavioral-Cloning-P3/collected_data/onto_bridge/IMG/center_2018_11_08_00_01_51_367.jpg,/home/prombo/car/CarND-Behavioral-Cloning-P3/collected_data/onto_bridge/IMG/left_2018_11_08_00_01_51_367.jpg,/home/prombo/car/CarND-Behavioral-Cloning-P3/collected_data/onto_bridge/IMG/right_2018_11_08_00_01_51_367.jpg,0.1764706,0,0,9.886225
/home/prombo/car/CarND-Behavioral-Cloning-P3/collected_data/onto_bridge/IMG/center_2018_11_08_00_01_51_476.jpg,/home/prombo/car/CarND-Behavioral-Cloning-P3/collected_data/onto_bridge/IMG/left_2018_11_08_00_01_51_476.jpg,/home/prombo/car/CarND-Behavioral-Cloning-P3/collected_data/onto_bridge/IMG/right_2018_11_08_00_01_51_476.jpg,0.2411765,0,0,9.749673
/home/prombo/car/CarND-Behavioral-Cloning-P3/collected_data/onto_bridge/IMG/center_2018_11_08_00_01_51_585.jpg,/home/prombo/car/CarND-Behavioral-Cloning-P3/collected_data/onto_bridge/IMG/left_2018_11_08_00_01_51_585.jpg,/home/prombo/car/CarND-Behavioral-Cloning-P3/collected_data/onto_bridge/IMG/right_2018_11_08_00_01_51_585.jpg,0.2470588,0,0,9.646987
/home/prombo/car/CarND-Behavioral-Cloning-P3/collected_data/onto_bridge/IMG/center_2018_11_08_00_01_51_698.jpg,/home/prombo/car/CarND-Behavioral-Cloning-P3/collected_data/onto_bridge/IMG/left_2018_11_08_00_01_51_698.jpg,/home/prombo/car/CarND-Behavioral-Cloning-P3/collected_data/onto_bridge/IMG/right_2018_11_08_00_01_51_698.jpg,0.2470588,0,0,9.52782
/home/prombo/car/CarND-Behavioral-Cloning-P3/collected_data/onto_bridge/IMG/center_2018_11_08_00_01_51_809.jpg,/home/prombo/car/CarND-Behavioral-Cloning-P3/collected_data/onto_bridge/IMG/left_2018_11_08_00_01_51_809.jpg,/home/prombo/car/CarND-Behavioral-Cloning-P3/collected_data/onto_bridge/IMG/right_2018_11_08_00_01_51_809.jpg,0.2470588,0,0,9.410587
/home/prombo/car/CarND-Behavioral-Cloning-P3/collected_data/onto_bridge/IMG/center_2018_11_08_00_01_51_921.jpg,/home/prombo/car/CarND-Behavioral-Cloning-P3/collected_data/onto_bridge/IMG/left_2018_11_08_00_01_51_921.jpg,/home/prombo/car/CarND-Behavioral-Cloning-P3/collected_data/onto_bridge/IMG/right_2018_11_08_00_01_51_921.jpg,0.1705882,0,0,9.316474
/home/prombo/car/CarND-Behavioral-Cloning-P3/collected_data/onto_bridge/IMG/center_2018_11_08_00_01_52_032.jpg,/home/prombo/car/CarND-Behavioral-Cloning-P3/collected_data/onto_bridge/IMG/left_2018_11_08_00_01_52_032.jpg,/home/prombo/car/CarND-Behavioral-Cloning-P3/collected_data/onto_bridge/IMG/right_2018_11_08_00_01_52_032.jpg,0.1117647,0,0,9.204329
/home/prombo/car/CarND-Behavioral-Cloning-P3/collected_data/onto_bridge/IMG/center_2018_11_08_00_01_52_146.jpg,/home/prombo/car/CarND-Behavioral-Cloning-P3/collected_data/onto_bridge/IMG/left_2018_11_08_00_01_52_146.jpg,/home/prombo/car/CarND-Behavioral-Cloning-P3/collected_data/onto_bridge/IMG/right_2018_11_08_00_01_52_146.jpg,0.08235294,0,0,9.11102
/home/prombo/car/CarND-Behavioral-Cloning-P3/collected_data/onto_bridge/IMG/center_2018_11_08_00_01_52_256.jpg,/home/prombo/car/CarND-Behavioral-Cloning-P3/collected_data/onto_bridge/IMG/left_2018_11_08_00_01_52_256.jpg,/home/prombo/car/CarND-Behavioral-Cloning-P3/collected_data/onto_bridge/IMG/right_2018_11_08_00_01_52_256.jpg,0.07647059,0,0,8.999583
/home/prombo/car/CarND-Behavioral-Cloning-P3/collected_data/onto_bridge/IMG/center_2018_11_08_00_01_52_369.jpg,/home/prombo/car/CarND-Behavioral-Cloning-P3/collected_data/onto_bridge/IMG/left_2018_11_08_00_01_52_369.jpg,/home/prombo/car/CarND-Behavioral-Cloning-P3/collected_data/onto_bridge/IMG/right_2018_11_08_00_01_52_369.jpg,0.05294118,0,0,8.889392
/home/prombo/car/CarND-Behavioral-Cloning-P3/collected_data/onto_bridge/IMG/center_2018_11_08_00_01_52_485.jpg,/home/prombo/car/CarND-Behavioral-Cloning-P3/collected_data/onto_bridge/IMG/left_2018_11_08_00_01_52_485.jpg,/home/prombo/car/CarND-Behavioral-Cloning-P3/collected_data/onto_bridge/IMG/right_2018_11_08_00_01_52_485.jpg,0.03529412,0,0,8.798444
/home/prombo/car/CarND-Behavioral-Cloning-P3/collected_data/onto_bridge/IMG/center_2018_11_08_00_01_52_598.jpg,/home/prombo/car/CarND-Behavioral-Cloning-P3/collected_data/onto_bridge/IMG/left_2018_11_08_00_01_52_598.jpg,/home/prombo/car/CarND-Behavioral-Cloning-P3/collected_data/onto_bridge/IMG/right_2018_11_08_00_01_52_598.jpg,-0.005882353,0,0,8.690087
/home/prombo/car/CarND-Behavioral-Cloning-P3/collected_data/onto_bridge/IMG/center_2018_11_08_00_01_52_708.jpg,/home/prombo/car/CarND-Behavioral-Cloning-P3/collected_data/onto_bridge/IMG/left_2018_11_08_00_01_52_708.jpg,/home/prombo/car/CarND-Behavioral-Cloning-P3/collected_data/onto_bridge/IMG/right_2018_11_08_00_01_52_708.jpg,-0.02352941,0,0,8.582928
/home/prombo/car/CarND-Behavioral-Cloning-P3/collected_data/onto_bridge/IMG/center_2018_11_08_00_01_52_823.jpg,/home/prombo/car/CarND-Behavioral-Cloning-P3/collected_data/onto_bridge/IMG/left_2018_11_08_00_01_52_823.jpg,/home/prombo/car/CarND-Behavioral-Cloning-P3/collected_data/onto_bridge/IMG/right_2018_11_08_00_01_52_823.jpg,-0.02352941,0,0,8.494882
/home/prombo/car/CarND-Behavioral-Cloning-P3/collected_data/onto_bridge/IMG/center_2018_11_08_00_01_52_934.jpg,/home/prombo/car/CarND-Behavioral-Cloning-P3/collected_data/onto_bridge/IMG/left_2018_11_08_00_01_52_934.jpg,/home/prombo/car/CarND-Behavioral-Cloning-P3/collected_data/onto_bridge/IMG/right_2018_11_08_00_01_52_934.jpg,0,0,0,8.390306
/home/prombo/car/CarND-Behavioral-Cloning-P3/collected_data/onto_bridge/IMG/center_2018_11_08_00_01_53_040.jpg,/home/prombo/car/CarND-Behavioral-Cloning-P3/collected_data/onto_bridge/IMG/left_2018_11_08_00_01_53_040.jpg,/home/prombo/car/CarND-Behavioral-Cloning-P3/collected_data/onto_bridge/IMG/right_2018_11_08_00_01_53_040.jpg,0,0,0,8.304214
/home/prombo/car/CarND-Behavioral-Cloning-P3/collected_data/onto_bridge/IMG/center_2018_11_08_00_01_53_153.jpg,/home/prombo/car/CarND-Behavioral-Cloning-P3/collected_data/onto_bridge/IMG/left_2018_11_08_00_01_53_153.jpg,/home/prombo/car/CarND-Behavioral-Cloning-P3/collected_data/onto_bridge/IMG/right_2018_11_08_00_01_53_153.jpg,0,0,0,8.202051
/home/prombo/car/CarND-Behavioral-Cloning-P3/collected_data/onto_bridge/IMG/center_2018_11_08_00_01_53_266.jpg,/home/prombo/car/CarND-Behavioral-Cloning-P3/collected_data/onto_bridge/IMG/left_2018_11_08_00_01_53_266.jpg,/home/prombo/car/CarND-Behavioral-Cloning-P3/collected_data/onto_bridge/IMG/right_2018_11_08_00_01_53_266.jpg,0,0,0,8.117856
/home/prombo/car/CarND-Behavioral-Cloning-P3/collected_data/onto_bridge/IMG/center_2018_11_08_00_01_53_376.jpg,/home/prombo/car/CarND-Behavioral-Cloning-P3/collected_data/onto_bridge/IMG/left_2018_11_08_00_01_53_376.jpg,/home/prombo/car/CarND-Behavioral-Cloning-P3/collected_data/onto_bridge/IMG/right_2018_11_08_00_01_53_376.jpg,0,0,0,8.017935
/home/prombo/car/CarND-Behavioral-Cloning-P3/collected_data/onto_bridge/IMG/center_2018_11_08_00_01_53_574.jpg,/home/prombo/car/CarND-Behavioral-Cloning-P3/collected_data/onto_bridge/IMG/left_2018_11_08_00_01_53_574.jpg,/home/prombo/car/CarND-Behavioral-Cloning-P3/collected_data/onto_bridge/IMG/right_2018_11_08_00_01_53_574.jpg,0,0,0,7.935588
